INSERT INTO public.pattern_language (id, name, uri, graph, logo) VALUES ('f6b807aa-5905-4435-aec6-324355a0483f', 'Enterprise Integration Patterns', 'https://patternpedia.org/patternLanguages/eip', '[{"x": 298.04036505554365, "y": 1802.937713972551, "id": "c56361d3-4230-4653-942b-fc8ac7488bf9", "vx": -0.019885748351522677, "vy": -0.17677951094778305, "uri": "https://patternpedia.org/patternLanguages/eip/message", "type": "default", "index": 0, "title": "Message"}, {"x": 148.03915383581392, "y": 1773.8458991147575, "id": "19c5ed05-1a24-4971-9aac-390e1931f010", "vx": 0.05483076803328695, "vy": -0.1487282805558399, "uri": "https://patternpedia.org/patternLanguages/eip/commandMessage", "type": "default", "index": 1, "title": "Command Message"}, {"x": 1820.8113205095242, "y": 660.01273613395, "id": "b14e9775-09ad-4019-b5db-dd9670221679", "vx": -0.13298358233207336, "vy": -0.049040694708064644, "uri": "https://patternpedia.org/patternLanguages/eip/documentMessage", "type": "default", "index": 2, "title": "Document Message"}, {"x": 689.6394462095757, "y": -1040.152463377981, "id": "f3afc386-7c81-41d1-9b94-a06a49deb965", "vx": 0.04238765490394163, "vy": 0.18460440161932798, "uri": "https://patternpedia.org/patternLanguages/eip/eventMessage", "type": "default", "index": 3, "title": "Event Message"}, {"x": -639.6023241157444, "y": 1361.660869587724, "id": "ef45bb4d-7f1a-4840-9783-aa22ed40032a", "vx": 0.16137796937308346, "vy": -0.11175636614690963, "uri": "https://patternpedia.org/patternLanguages/eip/request-reply", "type": "default", "index": 4, "title": "Request-Reply"}, {"x": -743.6311632764131, "y": 920.2416602240206, "id": "ea7c0692-6545-40e3-8cf8-f4c828c5fce8", "vx": 0.07305291998542814, "vy": 0.035741144357581064, "uri": "https://patternpedia.org/patternLanguages/eip/returnAddress", "type": "default", "index": 5, "title": "Return Address"}, {"x": 1104.1617600145587, "y": -772.288615649231, "id": "330ba4a6-411d-4d44-913a-2805a9f21cf7", "vx": 0.01981439202254048, "vy": 0.0749061245855654, "uri": "https://patternpedia.org/patternLanguages/eip/correlationIdentifier", "type": "default", "index": 6, "title": "Correlation Identifier"}, {"x": 1486.42031172661, "y": 1329.0169513543838, "id": "acb053d6-b8be-4bce-b62d-3a8aa10b9a0d", "vx": -0.09952106515577937, "vy": -0.11203143931067473, "uri": "https://patternpedia.org/patternLanguages/eip/messageSequence", "type": "default", "index": 7, "title": "Message Sequence"}, {"x": 516.3225724361316, "y": -1033.8670662217962, "id": "c34d4c11-da4f-445d-8682-1c92dcfbb6be", "vx": 0.08251748346343382, "vy": 0.1676691856099125, "uri": "https://patternpedia.org/patternLanguages/eip/messageExpiration", "type": "default", "index": 8, "title": "Message Expiration"}, {"x": -280.5148974374001, "y": 1692.989884615335, "id": "01d63259-109f-4136-878d-77e503ac8a11", "vx": 0.07638220764892445, "vy": -0.12379447472820737, "uri": "https://patternpedia.org/patternLanguages/eip/formatIndicator", "type": "default", "index": 9, "title": "Format Indicator"}, {"x": 1062.985369554234, "y": -925.0433199118725, "id": "1a1b9319-e303-431d-91c3-f4a3b6189982", "vx": -0.06463810615855227, "vy": 0.19279933608443328, "uri": "https://patternpedia.org/patternLanguages/eip/pipesAndFilters", "type": "default", "index": 10, "title": "Pipes and Filters"}, {"x": -909.5284343549644, "y": 1037.5906114588881, "id": "9bafcace-20a3-4726-963b-06d09437c677", "vx": 0.22265307749601215, "vy": -0.04842155749808409, "uri": "https://patternpedia.org/patternLanguages/eip/messageRouter", "type": "default", "index": 11, "title": "Message Router"}, {"x": -132.57681990622717, "y": 1668.9533379978207, "id": "26c8f1cb-a592-415e-846e-22f2ee761c8f", "vx": 0.06726215561192266, "vy": -0.1906902792579279, "uri": "https://patternpedia.org/patternLanguages/eip/messageStore", "type": "default", "index": 12, "title": "Message Store"}, {"x": -466.0401851558957, "y": 1484.609781103876, "id": "d89d5a40-b864-4d97-9b44-211ed25c4f98", "vx": 0.08321795330859852, "vy": -0.1242086546383932, "uri": "https://patternpedia.org/patternLanguages/eip/content-basedRouter", "type": "default", "index": 13, "title": "Content-Based Router"}, {"x": 1319.8094728403055, "y": -559.1053376755715, "id": "9c49472d-47fc-417e-b75a-512d57e76870", "vx": -0.040541588152538, "vy": -0.02396893759551367, "uri": "https://patternpedia.org/patternLanguages/eip/messageFilter", "type": "default", "index": 14, "title": "Message Filter"}, {"x": 1254.579427336354, "y": -772.6848051584618, "id": "be9c4245-79db-40cd-a0d4-c750c3a822b6", "vx": -0.13756574491303183, "vy": 0.14281364190893125, "uri": "https://patternpedia.org/patternLanguages/eip/dynamicRouter", "type": "default", "index": 15, "title": "Dynamic Router"}, {"x": 1518.5814679797375, "y": -462.8262258671644, "id": "0b8fa48f-6ccf-48ef-ac0b-3dadadad40bf", "vx": -0.12662278041438021, "vy": -0.025750309883191914, "uri": "https://patternpedia.org/patternLanguages/eip/recipientList", "type": "default", "index": 16, "title": "Recipient List"}, {"x": 1533.6889371564482, "y": -748.6129333455057, "id": "7d28fe21-466a-4e22-9851-374e9cb93cd9", "vx": -0.15960650927613626, "vy": 0.15353561450697242, "uri": "https://patternpedia.org/patternLanguages/eip/splitter", "type": "default", "index": 17, "title": "Splitter"}, {"x": 1389.5171108598013, "y": -707.1846472833681, "id": "db5033cf-c13f-47b1-a617-aea77a0d5864", "vx": -0.15327141777397485, "vy": 0.17480927038417693, "uri": "https://patternpedia.org/patternLanguages/eip/aggregator", "type": "default", "index": 18, "title": "Aggregator"}, {"x": 954.2270954938591, "y": -776.7149106173324, "id": "8c047398-63a1-4940-a5c5-c44834f48516", "vx": 0.02160767042763977, "vy": 0.013716929708125465, "uri": "https://patternpedia.org/patternLanguages/eip/resequencer", "type": "default", "index": 19, "title": "Resequencer"}, {"x": 1593.6849711861116, "y": -596.4986607213865, "id": "885ade35-d310-421a-98b8-877e27e51531", "vx": -0.24048697893886323, "vy": 0.06647600580446138, "uri": "https://patternpedia.org/patternLanguages/eip/composedMessageProcessor", "type": "default", "index": 20, "title": "Composed Message Processor"}, {"x": -66.3261130337272, "y": -872.6454969595952, "id": "ba3aaa33-9010-459f-acb5-5452788e9abc", "vx": 0.08942460415749702, "vy": 0.08222086359232825, "uri": "https://patternpedia.org/patternLanguages/eip/scatter-gather", "type": "default", "index": 21, "title": "Scatter-Gather"}, {"x": -924.006891632058, "y": 608.6759498166731, "id": "c7e15bdd-a5f3-486d-8e3d-f3117f39eb1a", "vx": 0.14761302795650966, "vy": 0.0443975159088782, "uri": "https://patternpedia.org/patternLanguages/eip/routingSlip", "type": "default", "index": 22, "title": "Routing Slip"}, {"x": 617.5994825291057, "y": 1780.9943668963765, "id": "53adbbff-f4d6-4bd7-8b90-475f57913c1a", "vx": -0.08465465779506463, "vy": -0.1566374917278702, "uri": "https://patternpedia.org/patternLanguages/eip/processManager", "type": "default", "index": 23, "title": "Process Manager"}, {"x": 600.2598368880444, "y": -906.7437256257422, "id": "329b49fc-de79-4d63-97ca-87a8f83ef1e2", "vx": 0.07346707295400215, "vy": 0.03377067297410094, "uri": "https://patternpedia.org/patternLanguages/eip/messageBroker", "type": "default", "index": 24, "title": "Message Broker"}, {"x": 1658.7276181883744, "y": -318.4610152747336, "id": "29f4224d-6b91-4218-aed6-0db3e5fa9dc2", "vx": -0.18084586824227458, "vy": -0.03749181268432971, "uri": "https://patternpedia.org/patternLanguages/eip/messageTranslator", "type": "default", "index": 25, "title": "Message Translator"}, {"x": -241.93239023855992, "y": 1502.2873995097827, "id": "658b6fce-40b0-4f05-a2da-2fd3e33684fb", "vx": 0.027592861717566888, "vy": -0.04235414229853039, "uri": "https://patternpedia.org/patternLanguages/eip/envelopeWrapper", "type": "default", "index": 26, "title": "Envelope Wrapper"}, {"x": -224.11071535677522, "y": -833.133578278125, "id": "b3418862-26a6-4bbb-b546-c12f48c45b16", "vx": 0.11383906887567266, "vy": 0.10133204957171371, "uri": "https://patternpedia.org/patternLanguages/eip/contentEnricher", "type": "default", "index": 27, "title": "Content Enricher"}, {"x": 1697.326555218191, "y": 1009.2510247966235, "id": "26bc2583-1c9f-4d6e-9968-e5aa0e8ab82f", "vx": -0.11955117830816817, "vy": -0.08629299548770301, "uri": "https://patternpedia.org/patternLanguages/eip/contentFilter", "type": "default", "index": 28, "title": "Content Filter"}, {"x": 822.01488769755, "y": -1139.6936574029728, "id": "6c3f4121-65c2-444e-9d5a-f16f47fd2ed5", "vx": -0.007416664631373944, "vy": 0.2650276210470477, "uri": "https://patternpedia.org/patternLanguages/eip/claimCheck", "type": "default", "index": 29, "title": "Claim Check"}, {"x": 1627.224527979427, "y": -167.26270316760085, "id": "89dd6672-dd42-470b-8e84-129e4ec7540c", "vx": -0.10138622697458376, "vy": -0.08452650813997459, "uri": "https://patternpedia.org/patternLanguages/eip/normalizer", "type": "default", "index": 30, "title": "Normalizer"}, {"x": -877.0232705111991, "y": 48.19725153408291, "id": "98ccd4dc-86a8-4652-b2c1-5b83b6f078e1", "vx": 0.13359930388932642, "vy": -0.02569984010279126, "uri": "https://patternpedia.org/patternLanguages/eip/canonicalDataModel", "type": "default", "index": 31, "title": "Canonical Data Model"}, {"x": 937.5691258414522, "y": -1020.5028676102867, "id": "3953e924-30f6-4561-8e02-e761b417c1d4", "vx": -0.03646632005887378, "vy": 0.21100339490999356, "uri": "https://patternpedia.org/patternLanguages/eip/messageEndpoint", "type": "default", "index": 32, "title": "Message Endpoint"}, {"x": -907.5789133398443, "y": -142.32764412581633, "id": "02fc1261-b7d6-4d85-89ef-c987ab92f3d4", "vx": 0.17781912128684388, "vy": 0.025624955673467273, "uri": "https://patternpedia.org/patternLanguages/eip/messagingGateway", "type": "default", "index": 33, "title": "Messaging Gateway"}, {"x": 344.2225573511053, "y": -1028.6623461767008, "id": "29acda13-a41f-4270-9248-375814889f20", "vx": 0.07469355609696497, "vy": 0.15556176292967588, "uri": "https://patternpedia.org/patternLanguages/eip/messagingMapper", "type": "default", "index": 34, "title": "Messaging Mapper"}, {"x": -633.5880699255893, "y": -436.35267922771897, "id": "a2b0eaca-aa24-4036-b730-265a97043b75", "vx": 0.08547560710430507, "vy": 0.05589513971401422, "uri": "https://patternpedia.org/patternLanguages/eip/transactionalClient", "type": "default", "index": 35, "title": "Transactional Client"}, {"x": 1841.7785857946255, "y": 481.4263660831492, "id": "78b58f38-9075-44a1-8eb4-5ab0ba4b801d", "vx": -0.13603273072646083, "vy": -0.028156646097565442, "uri": "https://patternpedia.org/patternLanguages/eip/pollingConsumer", "type": "default", "index": 36, "title": "Polling Consumer"}, {"x": 10.330668709157093, "y": 1714.5323554436627, "id": "87ae00d9-3fc7-4b9b-ac8b-48b79cbf8f65", "vx": 0.05179964270664616, "vy": -0.14218123550830708, "uri": "https://patternpedia.org/patternLanguages/eip/event-drivenConsumer", "type": "default", "index": 37, "title": "Event-Driven Consumer"}, {"x": 448.6137861923635, "y": 1788.3124948527707, "id": "d9bd086d-030c-4ca4-b6d2-29c2fbf517c8", "vx": -0.05394284279331255, "vy": -0.15857322288686512, "uri": "https://patternpedia.org/patternLanguages/eip/competingConsumers", "type": "default", "index": 38, "title": "Competing Consumers"}, {"x": 812.9398982352516, "y": -873.4662979523505, "id": "7c775873-1ebf-4574-8cb1-29b0c661b8f3", "vx": 0.05286093486526519, "vy": 0.05918240672130098, "uri": "https://patternpedia.org/patternLanguages/eip/messageDispatcher", "type": "default", "index": 39, "title": "Message Dispatcher"}, {"x": 1684.8969586692049, "y": -477.4172879786059, "id": "0ee54310-5f4d-4435-9c34-cf93f742e101", "vx": -0.23759862487415395, "vy": 0.0642636268916017, "uri": "https://patternpedia.org/patternLanguages/eip/selectiveConsumer", "type": "default", "index": 40, "title": "Selective Consumer"}, {"x": 1612.7219874159139, "y": 1183.4268123451373, "id": "ca07715c-696e-4a62-af10-74145ff818f5", "vx": -0.11863538450219434, "vy": -0.09870170374487106, "uri": "https://patternpedia.org/patternLanguages/eip/durableSubscriber", "type": "default", "index": 41, "title": "Durable Subscriber"}, {"x": -758.3467351104819, "y": 1070.2724830716188, "id": "06c5d5cc-5c29-4a74-be75-dfba20cc4f80", "vx": 0.11586530492231317, "vy": -0.037134713089486036, "uri": "https://patternpedia.org/patternLanguages/eip/idempotentReceiver", "type": "default", "index": 42, "title": "Idempotent Receiver"}, {"x": -542.5554043873196, "y": -587.5476757503424, "id": "9167d0da-69ec-40a5-b7f8-5eab25833d70", "vx": 0.10103876507912597, "vy": 0.09377854361276997, "uri": "https://patternpedia.org/patternLanguages/eip/serviceActivator", "type": "default", "index": 43, "title": "Service Activator"}, {"x": 55.080488847486635, "y": -987.9256521309907, "id": "64b05bb7-aaee-4c1a-97b6-14d54d7e6c69", "vx": 0.10520403866870916, "vy": 0.15186180674770608, "uri": "https://patternpedia.org/patternLanguages/eip/patternName", "type": "default", "index": 44, "title": "Pattern name"}, {"x": 984.7052019446456, "y": 1678.7952633903824, "id": "3b3a9b48-63aa-4523-be3a-6a39fdf4bda7", "vx": -0.08040177980276766, "vy": -0.13841205539352888, "uri": "https://patternpedia.org/patternLanguages/eip/point-to-pointChannel", "type": "default", "index": 45, "title": "Point-to-Point Channel"}, {"x": 1777.7169867095129, "y": -86.73974662793395, "id": "28343b10-ce82-4c1f-aef2-f7d95316b48e", "vx": -0.18943176961618838, "vy": -0.05870159123362771, "uri": "https://patternpedia.org/patternLanguages/eip/publish-subscribeChannel", "type": "default", "index": 46, "title": "Publish-Subscribe Channel"}, {"x": 1363.7671811814864, "y": 1443.3982187980428, "id": "cf3a2b5f-9d7a-4f2c-ba39-ab2911d3a7d7", "vx": -0.06410771557459576, "vy": -0.1427579858419315, "uri": "https://patternpedia.org/patternLanguages/eip/datatypeChannel", "type": "default", "index": 47, "title": "Datatype Channel"}, {"x": -882.4971916987053, "y": 813.1622508021572, "id": "3e74edee-f076-45b3-8247-a5dd19cb24b2", "vx": 0.1617363754216057, "vy": 0.03187058341769303, "uri": "https://patternpedia.org/patternLanguages/eip/invalidMessageChannel", "type": "default", "index": 48, "title": "Invalid Message Channel"}, {"x": -487.35828928133185, "y": 1336.2123714219342, "id": "78185c7d-f353-49ee-b1e2-c2a0bcfc4ed2", "vx": 0.04221073219011812, "vy": -0.11974099713285163, "uri": "https://patternpedia.org/patternLanguages/eip/deadLetterChannel", "type": "default", "index": 49, "title": "Dead Letter Channel"}, {"x": 1832.699308333678, "y": 257.45265044524405, "id": "96ec8c86-c024-4d03-a283-49375e43e086", "vx": -0.1376402554022699, "vy": -0.022372350909187568, "uri": "https://patternpedia.org/patternLanguages/eip/guaranteedDelivery", "type": "default", "index": 50, "title": "Guaranteed Delivery"}, {"x": -414.2376092273117, "y": 1625.3122766657518, "id": "b5c458ea-3a4e-4211-afc9-82510c2cff46", "vx": 0.07160496316938143, "vy": -0.11842329601696104, "uri": "https://patternpedia.org/patternLanguages/eip/channelAdapter", "type": "default", "index": 51, "title": "Channel Adapter"}, {"x": -785.0966333730297, "y": -391.44060298010726, "id": "adcaac7d-a028-4d33-9111-ef3e711637e7", "vx": 0.1714553322447996, "vy": 0.08253991341529301, "uri": "https://patternpedia.org/patternLanguages/eip/messagingBridge", "type": "default", "index": 52, "title": "Messaging Bridge"}, {"x": 1767.8986614428454, "y": 841.6420266909832, "id": "ccb661e2-6c0d-4020-9eb2-abd290230b5b", "vx": -0.12476092731428162, "vy": -0.0633413748467917, "uri": "https://patternpedia.org/patternLanguages/eip/messageBus", "type": "default", "index": 53, "title": "Message Bus"}, {"x": 1378.8088681466847, "y": -856.8019525875206, "id": "712b29e2-411b-4ef8-8f81-6cae15222c07", "vx": -0.1185710485604468, "vy": 0.17235103047935638, "uri": "https://patternpedia.org/patternLanguages/eip/controlBus", "type": "default", "index": 54, "title": "Control Bus"}, {"x": 1177.69168475915, "y": -637.6343629773602, "id": "662ffad9-7dd3-490f-93d2-efb92f74c5ae", "vx": 0.01732875883599718, "vy": -0.025780918761825238, "uri": "https://patternpedia.org/patternLanguages/eip/detour", "type": "default", "index": 55, "title": "Detour"}, {"x": -738.0069307896466, "y": -217.45031180900023, "id": "b244a2fb-1f27-4e6d-8f43-7e512798f299", "vx": 0.09070050305784409, "vy": 0.008675913003745329, "uri": "https://patternpedia.org/patternLanguages/eip/wireTap", "type": "default", "index": 56, "title": "Wire Tap"}, {"x": 204.46498095031282, "y": -953.8005562056516, "id": "84c81b22-765b-4edb-a6e7-c626151e0af8", "vx": 0.07569320074398597, "vy": 0.09088997095368385, "uri": "https://patternpedia.org/patternLanguages/eip/messageHistory", "type": "default", "index": 57, "title": "Message History"}, {"x": 1374.9020706053727, "y": -413.67080798586176, "id": "c699fdf0-f31e-45c0-9d0d-cee2388e1544", "vx": -0.02515993077864633, "vy": -0.09593672854682637, "uri": "https://patternpedia.org/patternLanguages/eip/smartProxy", "type": "default", "index": 58, "title": "Smart Proxy"}, {"x": -357.55607902763427, "y": -734.641528479686, "id": "5778b4ba-4acd-4c94-9c10-d83d80f75d50", "vx": 0.12164700024133385, "vy": 0.07517257111966026, "uri": "https://patternpedia.org/patternLanguages/eip/testMessage", "type": "default", "index": 59, "title": "Test Message"}, {"x": -705.649562907106, "y": 1214.0735645711752, "id": "38b1dd17-c3ff-46c4-b300-2e1c7d542abe", "vx": 0.13453125648565006, "vy": -0.06687967055257289, "uri": "https://patternpedia.org/patternLanguages/eip/channelPurger", "type": "default", "index": 60, "title": "Channel Purger"}, {"x": 563.3134269706416, "y": 1151.1552887887333, "id": "f619a8fd-fff8-4981-8947-48ebaaad993c", "vx": -0.20371875620168947, "vy": 2.988453528363171, "uri": "https://patternpedia.org/patternLanguages/eip/fileTransfer", "type": "default", "index": 61, "title": "File Transfer"}, {"x": 389.84066369242146, "y": 1154.7174151133013, "id": "60e3ca01-0b7a-4785-acd7-3dddad0eea8e", "vx": 0.3342934245123169, "vy": 2.8958511613423696, "uri": "https://patternpedia.org/patternLanguages/eip/sharedDatabase", "type": "default", "index": 62, "title": "Shared Database"}, {"x": 474.0609000573262, "y": 1273.150798176766, "id": "36531ec5-477c-4d74-8d84-43276359aa14", "vx": 0.16626523421607756, "vy": 3.146840137793178, "uri": "https://patternpedia.org/patternLanguages/eip/remoteProcedureInvocation", "type": "default", "index": 63, "title": "Remote Procedure Invocation"}, {"x": 467.956050312267, "y": 1032.8754398728697, "id": "a7e45f3a-e408-4593-9aba-0a724c5ebf26", "vx": 0.2682530429159721, "vy": 2.7236624676760464, "uri": "https://patternpedia.org/patternLanguages/eip/messaging", "type": "default", "index": 64, "title": "Messaging"}]', 'https://images-na.ssl-images-amazon.com/images/I/51SO8Sn59NL._SX376_BO1,204,203,200_.jpg');
INSERT INTO public.pattern_schema (pattern_language_id) VALUES ('f6b807aa-5905-4435-aec6-324355a0483f');
INSERT INTO public.pattern_section_schema (id, label, name, position, type, pattern_schema_pattern_language_id) VALUES (14, 'Icon', 'Icon', 0, 'any', 'f6b807aa-5905-4435-aec6-324355a0483f');
INSERT INTO public.pattern_section_schema (id, label, name, position, type, pattern_schema_pattern_language_id) VALUES (15, 'Driving Question', 'Driving Question', 1, 'any', 'f6b807aa-5905-4435-aec6-324355a0483f');
INSERT INTO public.pattern_section_schema (id, label, name, position, type, pattern_schema_pattern_language_id) VALUES (16, 'Sketch', 'Sketch', 2, 'any', 'f6b807aa-5905-4435-aec6-324355a0483f');
INSERT INTO public.pattern_section_schema (id, label, name, position, type, pattern_schema_pattern_language_id) VALUES (17, 'Solution', 'Solution', 3, 'any', 'f6b807aa-5905-4435-aec6-324355a0483f');

INSERT INTO public.pattern (id, name, uri, content, icon_url, pattern_language_id) VALUES ('c56361d3-4230-4653-942b-fc8ac7488bf9', 'Message', 'https://patternpedia.org/patternLanguages/eip/message', '{"Icon": "![](https://www.enterpriseintegrationpatterns.com/img/MessageIcon.gif)", "Sketch": "![](https://www.enterpriseintegrationpatterns.com/img/MessageSolution.gif)", "Solution": "Package the information into a Message, a data record that the messaging system can transmit through a message channel.", "Driving Question": "How can two applications connected by a message channel exchange a piece of information?"}', 'https://www.enterpriseintegrationpatterns.com/img/MessageIcon.gif', 'f6b807aa-5905-4435-aec6-324355a0483f');
INSERT INTO public.pattern (id, name, uri, content, icon_url, pattern_language_id) VALUES ('19c5ed05-1a24-4971-9aac-390e1931f010', 'Command Message', 'https://patternpedia.org/patternLanguages/eip/commandMessage', '{"Icon": "![](https://www.enterpriseintegrationpatterns.com/img/CommandMessageIcon.gif)", "Sketch": "![](https://www.enterpriseintegrationpatterns.com/img/CommandMessageSolution.gif)", "Solution": "Use a Command Message to reliably invoke a procedure in another application.", "Driving Question": "How can messaging be used to invoke a procedure in another application?"}', 'https://www.enterpriseintegrationpatterns.com/img/CommandMessageIcon.gif', 'f6b807aa-5905-4435-aec6-324355a0483f');
INSERT INTO public.pattern (id, name, uri, content, icon_url, pattern_language_id) VALUES ('b14e9775-09ad-4019-b5db-dd9670221679', 'Document Message', 'https://patternpedia.org/patternLanguages/eip/documentMessage', '{"Icon": "![](https://www.enterpriseintegrationpatterns.com/img/DocumentMessageIcon.gif)", "Sketch": "![](https://www.enterpriseintegrationpatterns.com/img/DocumentMessageSolution.gif)", "Solution": "Use a Document Message to reliably transfer a data structure between applications.", "Driving Question": "How can messaging be used to transfer data between applications?"}', 'https://www.enterpriseintegrationpatterns.com/img/DocumentMessageIcon.gif', 'f6b807aa-5905-4435-aec6-324355a0483f');
INSERT INTO public.pattern (id, name, uri, content, icon_url, pattern_language_id) VALUES ('f3afc386-7c81-41d1-9b94-a06a49deb965', 'Event Message', 'https://patternpedia.org/patternLanguages/eip/eventMessage', '{"Icon": "![](https://www.enterpriseintegrationpatterns.com/img/EventMessageIcon.gif)", "Sketch": "![](https://www.enterpriseintegrationpatterns.com/img/EventMessageSolution.gif)", "Solution": "Use an Event Message for reliable, asynchronous event notification between applications.", "Driving Question": "How can messaging be used to transmit events from one application to another?"}', 'https://www.enterpriseintegrationpatterns.com/img/EventMessageIcon.gif', 'f6b807aa-5905-4435-aec6-324355a0483f');
INSERT INTO public.pattern (id, name, uri, content, icon_url, pattern_language_id) VALUES ('ef45bb4d-7f1a-4840-9783-aa22ed40032a', 'Request-Reply', 'https://patternpedia.org/patternLanguages/eip/request-reply', '{"Icon": "![](https://www.enterpriseintegrationpatterns.com/img/RequestReplyIcon.gif)", "Sketch": "![](https://www.enterpriseintegrationpatterns.com/img/RequestReply.gif)", "Solution": "Send a pair of Request-Reply messages, each on its own channel.", "Driving Question": "When an application sends a message, how can it get a response from the receiver?"}', 'https://www.enterpriseintegrationpatterns.com/img/RequestReplyIcon.gif', 'f6b807aa-5905-4435-aec6-324355a0483f');
INSERT INTO public.pattern (id, name, uri, content, icon_url, pattern_language_id) VALUES ('ea7c0692-6545-40e3-8cf8-f4c828c5fce8', 'Return Address', 'https://patternpedia.org/patternLanguages/eip/returnAddress', '{"Icon": "![](https://www.enterpriseintegrationpatterns.com/img/ReturnAddressIcon.gif)", "Sketch": "![](https://www.enterpriseintegrationpatterns.com/img/ReturnAddressSolution.gif)", "Solution": "The request message should contain a Return Address that indicates where to send the reply message.", "Driving Question": "How does a replier know where to send the reply?"}', 'https://www.enterpriseintegrationpatterns.com/img/ReturnAddressIcon.gif', 'f6b807aa-5905-4435-aec6-324355a0483f');
INSERT INTO public.pattern (id, name, uri, content, icon_url, pattern_language_id) VALUES ('330ba4a6-411d-4d44-913a-2805a9f21cf7', 'Correlation Identifier', 'https://patternpedia.org/patternLanguages/eip/correlationIdentifier', '{"Icon": " ![](https://www.enterpriseintegrationpatterns.com/img/CorrelationIdentifierIcon.gif)", "Sketch": "![](https://www.enterpriseintegrationpatterns.com/img/CorrelationIdentifierSolution.gif)", "Solution": "Each reply message should contain a Correlation Identifier, a unique identifier that indicates which request message this reply is for.", "Driving Question": "How does a requestor that has received a reply know which request this is the reply for?"}', 'https://www.enterpriseintegrationpatterns.com/img/CorrelationIdentifierIcon.gif', 'f6b807aa-5905-4435-aec6-324355a0483f');
INSERT INTO public.pattern (id, name, uri, content, icon_url, pattern_language_id) VALUES ('acb053d6-b8be-4bce-b62d-3a8aa10b9a0d', 'Message Sequence', 'https://patternpedia.org/patternLanguages/eip/messageSequence', '{"Icon": "![](https://www.enterpriseintegrationpatterns.com/img/MessageSequenceIcon.gif)", "Sketch": "![](https://www.enterpriseintegrationpatterns.com/img/MessageSequenceSize.gif)", "Solution": "Whenever a large set of data may need to be broken into message-size chunks, send the data as a Message Sequence and mark each message with sequence identification fields.", "Driving Question": "How can messaging transmit an arbitrarily large amount of data?"}', 'https://www.enterpriseintegrationpatterns.com/img/MessageSequenceIcon.gif', 'f6b807aa-5905-4435-aec6-324355a0483f');
INSERT INTO public.pattern (id, name, uri, content, icon_url, pattern_language_id) VALUES ('c34d4c11-da4f-445d-8682-1c92dcfbb6be', 'Message Expiration', 'https://patternpedia.org/patternLanguages/eip/messageExpiration', '{"Icon": "![](https://www.enterpriseintegrationpatterns.com/img/MessageExpirationIcon.gif)", "Sketch": "![](https://www.enterpriseintegrationpatterns.com/img/MessageExpirationSolution.gif)", "Solution": "Set the Message Expiration to specify a time limit how long the message is viable.", "Driving Question": "How can a sender indicate when a message should be considered stale and thus shouldn’t be processed?"}', 'https://www.enterpriseintegrationpatterns.com/img/MessageExpirationIcon.gif', 'f6b807aa-5905-4435-aec6-324355a0483f');
INSERT INTO public.pattern (id, name, uri, content, icon_url, pattern_language_id) VALUES ('01d63259-109f-4136-878d-77e503ac8a11', 'Format Indicator', 'https://patternpedia.org/patternLanguages/eip/formatIndicator', '{"Icon": "", "Sketch": "", "Solution": "Design a data format that includes a Format Indicator, so that the message specifies what format it is using.", "Driving Question": "How can a message’s data format be designed to allow for possible future changes?"}', '', 'f6b807aa-5905-4435-aec6-324355a0483f');
INSERT INTO public.pattern (id, name, uri, content, icon_url, pattern_language_id) VALUES ('1a1b9319-e303-431d-91c3-f4a3b6189982', 'Pipes and Filters', 'https://patternpedia.org/patternLanguages/eip/pipesAndFilters', '{"Icon": " ![](https://www.enterpriseintegrationpatterns.com/img/PipesAndFiltersIcon.gif)", "Sketch": "![](https://www.enterpriseintegrationpatterns.com/img/PipesAndFilters.gif)", "Solution": "Use the Pipes and Filters architectural style to divide a larger processing task into a sequence of smaller, independent processing steps (Filters) that are connected by channels (Pipes).", "Driving Question": "How can we perform complex processing on a message while maintaining independence and flexibility?"}', 'https://www.enterpriseintegrationpatterns.com/img/PipesAndFiltersIcon.gif', 'f6b807aa-5905-4435-aec6-324355a0483f');
INSERT INTO public.pattern (id, name, uri, content, icon_url, pattern_language_id) VALUES ('9bafcace-20a3-4726-963b-06d09437c677', 'Message Router', 'https://patternpedia.org/patternLanguages/eip/messageRouter', '{"Icon": "![](https://www.enterpriseintegrationpatterns.com/img/ContentBasedRouterIcon.gif)", "Sketch": "![](https://www.enterpriseintegrationpatterns.com/img/MessageRouter.gif)", "Solution": "Insert a special filter, a Message Router, which consumes a Message from one Message Channel and republishes it to a different Message Channel channel depending on a set of conditions.", "Driving Question": "How can you decouple individual processing steps so that messages can be passed to different filters depending on a set of conditions?"}', 'https://www.enterpriseintegrationpatterns.com/img/ContentBasedRouterIcon.gif', 'f6b807aa-5905-4435-aec6-324355a0483f');
INSERT INTO public.pattern (id, name, uri, content, icon_url, pattern_language_id) VALUES ('26c8f1cb-a592-415e-846e-22f2ee761c8f', 'Message Store', 'https://patternpedia.org/patternLanguages/eip/messageStore', '{"Icon": "![](https://www.enterpriseintegrationpatterns.com/img/MessageStoreIcon.gif)", "Sketch": "![](https://www.enterpriseintegrationpatterns.com/img/MessageStore.gif)", "Solution": "Use a Message Store to capture information about each message in a central location.", "Driving Question": "How can we report against message information without disturbing the loosely coupled and transient nature of a messaging system?"}', 'https://www.enterpriseintegrationpatterns.com/img/MessageStoreIcon.gif', 'f6b807aa-5905-4435-aec6-324355a0483f');
INSERT INTO public.pattern (id, name, uri, content, icon_url, pattern_language_id) VALUES ('d89d5a40-b864-4d97-9b44-211ed25c4f98', 'Content-Based Router', 'https://patternpedia.org/patternLanguages/eip/content-basedRouter', '{"Icon": "![](https://www.enterpriseintegrationpatterns.com/img/ContentBasedRouterIcon.gif)", "Sketch": "![](https://www.enterpriseintegrationpatterns.com/img/ContentBasedRouter.gif)", "Solution": "Use a Content-Based Router to route each message to the correct recipient based on message content.", "Driving Question": "How do we handle a situation where the implementation of a single logical function (e.g., inventory check) is spread across multiple physical systems?"}', 'https://www.enterpriseintegrationpatterns.com/img/ContentBasedRouterIcon.gif', 'f6b807aa-5905-4435-aec6-324355a0483f');
INSERT INTO public.pattern (id, name, uri, content, icon_url, pattern_language_id) VALUES ('9c49472d-47fc-417e-b75a-512d57e76870', 'Message Filter', 'https://patternpedia.org/patternLanguages/eip/messageFilter', '{"Icon": "![](https://www.enterpriseintegrationpatterns.com/img/MessageFilterIcon.gif)", "Sketch": "![](https://www.enterpriseintegrationpatterns.com/img/MessageFilter.gif)", "Solution": "Use a special kind of Message Router, a Message Filter, to eliminate undesired messages from a channel based on a set of criteria.", "Driving Question": "How can a component avoid receiving uninteresting messages?"}', 'https://www.enterpriseintegrationpatterns.com/img/MessageFilterIcon.gif', 'f6b807aa-5905-4435-aec6-324355a0483f');
INSERT INTO public.pattern (id, name, uri, content, icon_url, pattern_language_id) VALUES ('be9c4245-79db-40cd-a0d4-c750c3a822b6', 'Dynamic Router', 'https://patternpedia.org/patternLanguages/eip/dynamicRouter', '{"Icon": "![](https://www.enterpriseintegrationpatterns.com/img/DynamicRouterIcon.gif)", "Sketch": "![](https://www.enterpriseintegrationpatterns.com/img/DynamicRouter.gif)", "Solution": "Use a Dynamic Router, a Router that can self-configure based on special configuration messages from participating destinations.", "Driving Question": "How can you avoid the dependency of the router on all possible destinations while maintaining its efficiency?"}', 'https://www.enterpriseintegrationpatterns.com/img/DynamicRouterIcon.gif', 'f6b807aa-5905-4435-aec6-324355a0483f');
INSERT INTO public.pattern (id, name, uri, content, icon_url, pattern_language_id) VALUES ('0b8fa48f-6ccf-48ef-ac0b-3dadadad40bf', 'Recipient List', 'https://patternpedia.org/patternLanguages/eip/recipientList', '{"Icon": "![](https://www.enterpriseintegrationpatterns.com/img/RecipientListIcon.gif)", "Sketch": "![](https://www.enterpriseintegrationpatterns.com/img/RecipientList.gif)", "Solution": "Define a channel for each recipient. Then use a Recipient List to inspect an incoming message, determine the list of desired recipients, and forward the message to all channels associated with the recipients in the list.", "Driving Question": "How do we route a message to a list of dynamically specified recipients?"}', 'https://www.enterpriseintegrationpatterns.com/img/RecipientListIcon.gif', 'f6b807aa-5905-4435-aec6-324355a0483f');
INSERT INTO public.pattern (id, name, uri, content, icon_url, pattern_language_id) VALUES ('7d28fe21-466a-4e22-9851-374e9cb93cd9', 'Splitter', 'https://patternpedia.org/patternLanguages/eip/splitter', '{"Icon": "![](https://www.enterpriseintegrationpatterns.com/img/SplitterIcon.gif)", "Sketch": "![](https://www.enterpriseintegrationpatterns.com/img/Sequencer.gif) ", "Solution": "Use a Splitter to break out the composite message into a series of individual messages, each containing data related to one item.", "Driving Question": "How can we process a message if it contains multiple elements, each of which may have to be processed in a different way?"}', 'https://www.enterpriseintegrationpatterns.com/img/SplitterIcon.gif', 'f6b807aa-5905-4435-aec6-324355a0483f');
INSERT INTO public.pattern (id, name, uri, content, icon_url, pattern_language_id) VALUES ('db5033cf-c13f-47b1-a617-aea77a0d5864', 'Aggregator', 'https://patternpedia.org/patternLanguages/eip/aggregator', '{"Icon": "![](https://www.enterpriseintegrationpatterns.com/img/AggregatorIcon.gif)", "Sketch": "![](https://www.enterpriseintegrationpatterns.com/img/Aggregator.gif)", "Solution": "Use a stateful filter, an Aggregator, to collect and store individual messages until a complete set of related messages has been received. Then, the Aggregator publishes a single message distilled from the individual messages.", "Driving Question": "How do we combine the results of individual, but related messages so that they can be processed as a whole?"}', 'https://www.enterpriseintegrationpatterns.com/img/AggregatorIcon.gif', 'f6b807aa-5905-4435-aec6-324355a0483f');
INSERT INTO public.pattern (id, name, uri, content, icon_url, pattern_language_id) VALUES ('8c047398-63a1-4940-a5c5-c44834f48516', 'Resequencer', 'https://patternpedia.org/patternLanguages/eip/resequencer', '{"Icon": "![](https://www.enterpriseintegrationpatterns.com/img/ResequencerIcon.gif)", "Sketch": "![](https://www.enterpriseintegrationpatterns.com/img/Resequencer.gif)", "Solution": "Use a stateful filter, a Resequencer, to collect and re-order messages so that they can be published to the output channel in a specified order.", "Driving Question": "How can we get a stream of related but out-of-sequence messages back into the correct order?"}', 'https://www.enterpriseintegrationpatterns.com/img/ResequencerIcon.gif', 'f6b807aa-5905-4435-aec6-324355a0483f');
INSERT INTO public.pattern (id, name, uri, content, icon_url, pattern_language_id) VALUES ('885ade35-d310-421a-98b8-877e27e51531', 'Composed Message Processor', 'https://patternpedia.org/patternLanguages/eip/composedMessageProcessor', '{"Icon": "![](https://www.enterpriseintegrationpatterns.com/img/DistributionAggregateIcon.gif)", "Sketch": "![](https://www.enterpriseintegrationpatterns.com/img/DistributionAggregate.gif)", "Solution": "Use Composed Message Processor to process a composite message. The Composed Message Processor splits the message up, routes the sub-messages to the appropriate destinations and re-aggregates the responses back into a single message.", "Driving Question": "How can you maintain the overall message flow when processing a message consisting of multiple elements, each of which may require different processing?"}', 'https://www.enterpriseintegrationpatterns.com/img/DistributionAggregateIcon.gif', 'f6b807aa-5905-4435-aec6-324355a0483f');
INSERT INTO public.pattern (id, name, uri, content, icon_url, pattern_language_id) VALUES ('ba3aaa33-9010-459f-acb5-5452788e9abc', 'Scatter-Gather', 'https://patternpedia.org/patternLanguages/eip/scatter-gather', '{"Icon": "", "Sketch": "![](https://www.enterpriseintegrationpatterns.com/img/BroadcastAggregate.gif)", "Solution": "Use a Scatter-Gather that broadcasts a message to multiple recipients and re-aggregates the responses back into a single message.", "Driving Question": "How do you maintain the overall message flow when a message needs to be sent to multiple recipients, each of which may send a reply?"}', '', 'f6b807aa-5905-4435-aec6-324355a0483f');
INSERT INTO public.pattern (id, name, uri, content, icon_url, pattern_language_id) VALUES ('c7e15bdd-a5f3-486d-8e3d-f3117f39eb1a', 'Routing Slip', 'https://patternpedia.org/patternLanguages/eip/routingSlip', '{"Icon": "![](https://www.enterpriseintegrationpatterns.com/img/RoutingTableIcon.gif)", "Sketch": "![](https://www.enterpriseintegrationpatterns.com/img/RoutingTableSimple.gif)", "Solution": "Attach a Routing Slip to each message, specifying the sequence of processing steps. Wrap each component with a special message router that reads the Routing Slip and routes the message to the next component in the list.", "Driving Question": "How do we route a message consecutively through a series of processing steps when the sequence of steps is not known at design-time and may vary for each message?"}', 'https://www.enterpriseintegrationpatterns.com/img/RoutingTableIcon.gif', 'f6b807aa-5905-4435-aec6-324355a0483f');
INSERT INTO public.pattern (id, name, uri, content, icon_url, pattern_language_id) VALUES ('53adbbff-f4d6-4bd7-8b90-475f57913c1a', 'Process Manager', 'https://patternpedia.org/patternLanguages/eip/processManager', '{"Icon": "![](https://www.enterpriseintegrationpatterns.com/img/ProcessManagerIcon.gif)", "Sketch": "![](https://www.enterpriseintegrationpatterns.com/img/ProcessManager.gif)", "Solution": "Use a central processing unit, a Process Manager, to maintain the state of the sequence and determine the next processing step based on intermediate results.", "Driving Question": "How do we route a message through multiple processing steps when the required steps may not be known at design-time and may not be sequential?"}', 'https://www.enterpriseintegrationpatterns.com/img/ProcessManagerIcon.gif', 'f6b807aa-5905-4435-aec6-324355a0483f');
INSERT INTO public.pattern (id, name, uri, content, icon_url, pattern_language_id) VALUES ('329b49fc-de79-4d63-97ca-87a8f83ef1e2', 'Message Broker', 'https://patternpedia.org/patternLanguages/eip/messageBroker', '{"Icon": "![](https://www.enterpriseintegrationpatterns.com/img/MessageBrokerIcon.gif)", "Sketch": "![](https://www.enterpriseintegrationpatterns.com/img/MessageBroker.gif)", "Solution": "Use a central Message Broker that can receive messages from multiple destinations, determine the correct destination and route the message to the correct channel. Implement the internals of the Message Broker using the design patterns presented in this chapter.", "Driving Question": "How can you decouple the destination of a message from the sender and maintain central control over the flow of messages?"}', 'https://www.enterpriseintegrationpatterns.com/img/MessageBrokerIcon.gif', 'f6b807aa-5905-4435-aec6-324355a0483f');
INSERT INTO public.pattern (id, name, uri, content, icon_url, pattern_language_id) VALUES ('29f4224d-6b91-4218-aed6-0db3e5fa9dc2', 'Message Translator', 'https://patternpedia.org/patternLanguages/eip/messageTranslator', '{"Icon": "![](https://www.enterpriseintegrationpatterns.com/img/MessageTranslatorIcon.gif)", "Sketch": "![](https://www.enterpriseintegrationpatterns.com/img/MessageTranslator.gif)", "Solution": "Use a special filter, a Message Translator, between other filters or applications to translate one data format into another.", "Driving Question": "How can systems using different data formats communicate with each other using messaging?"}', 'https://www.enterpriseintegrationpatterns.com/img/MessageTranslatorIcon.gif', 'f6b807aa-5905-4435-aec6-324355a0483f');
INSERT INTO public.pattern (id, name, uri, content, icon_url, pattern_language_id) VALUES ('658b6fce-40b0-4f05-a2da-2fd3e33684fb', 'Envelope Wrapper', 'https://patternpedia.org/patternLanguages/eip/envelopeWrapper', '{"Icon": "![](https://www.enterpriseintegrationpatterns.com/img/EnvelopeWrapperIcon.gif)", "Sketch": "![](https://www.enterpriseintegrationpatterns.com/img/Wrapper.gif)", "Solution": "Use a Envelope Wrapper to wrap application data inside an envelope that is compliant with the messaging infrastructure. Unwrap the message when it arrives at the destination.", "Driving Question": "How can existing systems participate in a messaging exchange that places specific requirements on the message format, such as message header fields or encryption?"}', 'https://www.enterpriseintegrationpatterns.com/img/EnvelopeWrapperIcon.gif', 'f6b807aa-5905-4435-aec6-324355a0483f');
INSERT INTO public.pattern (id, name, uri, content, icon_url, pattern_language_id) VALUES ('b3418862-26a6-4bbb-b546-c12f48c45b16', 'Content Enricher', 'https://patternpedia.org/patternLanguages/eip/contentEnricher', '{"Icon": "![](https://www.enterpriseintegrationpatterns.com/img/DataEnricherIcon.gif)", "Sketch": "![](https://www.enterpriseintegrationpatterns.com/img/DataEnricher.gif)", "Solution": "Use a specialized transformer, a Content Enricher, to access an external data source in order to augment a message with missing information.", "Driving Question": "How do we communicate with another system if the message originator does not have all the required data items available?"}', 'https://www.enterpriseintegrationpatterns.com/img/DataEnricherIcon.gif', 'f6b807aa-5905-4435-aec6-324355a0483f');
INSERT INTO public.pattern (id, name, uri, content, icon_url, pattern_language_id) VALUES ('26bc2583-1c9f-4d6e-9968-e5aa0e8ab82f', 'Content Filter', 'https://patternpedia.org/patternLanguages/eip/contentFilter', '{"Icon": "![](https://www.enterpriseintegrationpatterns.com/img/ContentFilterIcon.gif)", "Sketch": "![](https://www.enterpriseintegrationpatterns.com/img/ContentFilter.gif)", "Solution": "Use a Content Filter to remove unimportant data items from a message leaving only important items.", "Driving Question": "How do you simplify dealing with a large message, when you are interested only in a few data items?"}', 'https://www.enterpriseintegrationpatterns.com/img/ContentFilterIcon.gif', 'f6b807aa-5905-4435-aec6-324355a0483f');
INSERT INTO public.pattern (id, name, uri, content, icon_url, pattern_language_id) VALUES ('6c3f4121-65c2-444e-9d5a-f16f47fd2ed5', 'Claim Check', 'https://patternpedia.org/patternLanguages/eip/claimCheck', '{"Icon": "![](https://www.enterpriseintegrationpatterns.com/img/StoreInLibraryIcon.gif)", "Sketch": "![](https://www.enterpriseintegrationpatterns.com/img/StoreInLibrary.gif)", "Solution": "Store message data in a persistent store and pass a Claim Check to subsequent components. These components can use the Claim Check to retrieve the stored information.", "Driving Question": "How can we reduce the data volume of message sent across the system without sacrificing information content?"}', 'https://www.enterpriseintegrationpatterns.com/img/StoreInLibraryIcon.gif', 'f6b807aa-5905-4435-aec6-324355a0483f');
INSERT INTO public.pattern (id, name, uri, content, icon_url, pattern_language_id) VALUES ('89dd6672-dd42-470b-8e84-129e4ec7540c', 'Normalizer', 'https://patternpedia.org/patternLanguages/eip/normalizer', '{"Icon": "![](https://www.enterpriseintegrationpatterns.com/img/NormalizerIcon.gif)", "Sketch": "![](https://www.enterpriseintegrationpatterns.com/img/NormalizerDetail.gif)", "Solution": "Use a Normalizer to route each message type through a custom Message Translator so that the resulting messages match a common format.", "Driving Question": "How do you process messages that are semantically equivalent, but arrive in a different format?"}', 'https://www.enterpriseintegrationpatterns.com/img/NormalizerIcon.gif', 'f6b807aa-5905-4435-aec6-324355a0483f');
INSERT INTO public.pattern (id, name, uri, content, icon_url, pattern_language_id) VALUES ('98ccd4dc-86a8-4652-b2c1-5b83b6f078e1', 'Canonical Data Model', 'https://patternpedia.org/patternLanguages/eip/canonicalDataModel', '{"Icon": "", "Sketch": "![](https://www.enterpriseintegrationpatterns.com/img/CanonicalDataModel.gif)", "Solution": "Therefore, design a Canonical Data Model that is independent from any specific application. Require each application to produce and consume messages in this common format.", "Driving Question": "How can you minimize dependencies when integrating applications that use different data formats?"}', '', 'f6b807aa-5905-4435-aec6-324355a0483f');
INSERT INTO public.pattern (id, name, uri, content, icon_url, pattern_language_id) VALUES ('3953e924-30f6-4561-8e02-e761b417c1d4', 'Message Endpoint', 'https://patternpedia.org/patternLanguages/eip/messageEndpoint', '{"Icon": "![](https://www.enterpriseintegrationpatterns.com/img/MessageEndpointIcon.gif)", "Sketch": "![](https://www.enterpriseintegrationpatterns.com/img/MessageEndpointSolution.gif)", "Solution": "Connect an application to a messaging channel using a Message Endpoint, a client of the messaging system that the application can then use to send or receive messages.", "Driving Question": "How does an application connect to a messaging channel to send and receive messages?"}', 'https://www.enterpriseintegrationpatterns.com/img/MessageEndpointIcon.gif', 'f6b807aa-5905-4435-aec6-324355a0483f');
INSERT INTO public.pattern (id, name, uri, content, icon_url, pattern_language_id) VALUES ('02fc1261-b7d6-4d85-89ef-c987ab92f3d4', 'Messaging Gateway', 'https://patternpedia.org/patternLanguages/eip/messagingGateway', '{"Icon": "![](https://www.enterpriseintegrationpatterns.com/img/MessagingGatewayIcon.gif)", "Sketch": "![](https://www.enterpriseintegrationpatterns.com/img/MessagingGatewaySolution.gif)", "Solution": "Use a Messaging Gateway, a class than wraps messaging-specific method calls and exposes domain-specific methods to the application.", "Driving Question": "How do you encapsulate access to the messaging system from the rest of the application?"}', 'https://www.enterpriseintegrationpatterns.com/img/MessagingGatewayIcon.gif', 'f6b807aa-5905-4435-aec6-324355a0483f');
INSERT INTO public.pattern (id, name, uri, content, icon_url, pattern_language_id) VALUES ('29acda13-a41f-4270-9248-375814889f20', 'Messaging Mapper', 'https://patternpedia.org/patternLanguages/eip/messagingMapper', '{"Icon": "", "Sketch": "![](https://www.enterpriseintegrationpatterns.com/img/MessagingMapperClassDiagram.gif)", "Solution": "Create a separate Messaging Mapper that contains the mapping logic between the messaging infrastructure and the domain objects. Neither the objects nor the infrastructure have knowledge of the Messaging Mapper''s existence.", "Driving Question": "How do you move data between domain objects and the messaging infrastructure while keeping the two independent of each other?"}', '', 'f6b807aa-5905-4435-aec6-324355a0483f');
INSERT INTO public.pattern (id, name, uri, content, icon_url, pattern_language_id) VALUES ('a2b0eaca-aa24-4036-b730-265a97043b75', 'Transactional Client', 'https://patternpedia.org/patternLanguages/eip/transactionalClient', '{"Icon": "![](https://www.enterpriseintegrationpatterns.com/img/TransactionalClientIcon.gif)", "Sketch": "![](https://www.enterpriseintegrationpatterns.com/img/TransactionalClientSolution.gif)", "Solution": "Use a Transactional Client—make the client’s session with the messaging system transactional so that the client can specify transaction boundaries.", "Driving Question": "How can a client control its transactions with the messaging system?"}', 'https://www.enterpriseintegrationpatterns.com/img/TransactionalClientIcon.gif', 'f6b807aa-5905-4435-aec6-324355a0483f');
INSERT INTO public.pattern (id, name, uri, content, icon_url, pattern_language_id) VALUES ('78b58f38-9075-44a1-8eb4-5ab0ba4b801d', 'Polling Consumer', 'https://patternpedia.org/patternLanguages/eip/pollingConsumer', '{"Icon": "![](https://www.enterpriseintegrationpatterns.com/img/PollingConsumerIcon.gif)", "Sketch": "![](https://www.enterpriseintegrationpatterns.com/img/PollingConsumerSolution.gif)", "Solution": "The application should use a Polling Consumer, one that explicitly makes a call when it wants to receive a message.", "Driving Question": "How can an application consume a message when the application is ready?"}', 'https://www.enterpriseintegrationpatterns.com/img/PollingConsumerIcon.gif', 'f6b807aa-5905-4435-aec6-324355a0483f');
INSERT INTO public.pattern (id, name, uri, content, icon_url, pattern_language_id) VALUES ('87ae00d9-3fc7-4b9b-ac8b-48b79cbf8f65', 'Event-Driven Consumer', 'https://patternpedia.org/patternLanguages/eip/event-drivenConsumer', '{"Icon": "![](https://www.enterpriseintegrationpatterns.com/img/EventDrivenConsumerIcon.gif)", "Sketch": "![](https://www.enterpriseintegrationpatterns.com/img/EventDrivenConsumerSolution.gif)", "Solution": "The application should use an Event-Driven Consumer, one that is automatically handed messages as they’re delivered on the channel.", "Driving Question": "How can an application automatically consume messages as they become available?"}', 'https://www.enterpriseintegrationpatterns.com/img/EventDrivenConsumerIcon.gif', 'f6b807aa-5905-4435-aec6-324355a0483f');
INSERT INTO public.pattern (id, name, uri, content, icon_url, pattern_language_id) VALUES ('d9bd086d-030c-4ca4-b6d2-29c2fbf517c8', 'Competing Consumers', 'https://patternpedia.org/patternLanguages/eip/competingConsumers', '{"Icon": "![](https://www.enterpriseintegrationpatterns.com/img/CompetingConsumersIcon.gif)", "Sketch": "![](https://www.enterpriseintegrationpatterns.com/img/CompetingConsumers.gif)", "Solution": "Create multiple Competing Consumers on a single channel so that the consumers can process multiple messages concurrently.", "Driving Question": "How can a messaging client process multiple messages concurrently?"}', 'https://www.enterpriseintegrationpatterns.com/img/CompetingConsumersIcon.gif', 'f6b807aa-5905-4435-aec6-324355a0483f');
INSERT INTO public.pattern (id, name, uri, content, icon_url, pattern_language_id) VALUES ('7c775873-1ebf-4574-8cb1-29b0c661b8f3', 'Message Dispatcher', 'https://patternpedia.org/patternLanguages/eip/messageDispatcher', '{"Icon": "![](https://www.enterpriseintegrationpatterns.com/img/MessageDispatcherIcon.gif)", "Sketch": "![](https://www.enterpriseintegrationpatterns.com/img/MessageDispatcher.gif)", "Solution": "Create a Message Dispatcher on a channel that will consume messages from a channel and distribute them to performers.", "Driving Question": "How can multiple consumers on a single channel coordinate their message processing?"}', 'https://www.enterpriseintegrationpatterns.com/img/MessageDispatcherIcon.gif', 'f6b807aa-5905-4435-aec6-324355a0483f');
INSERT INTO public.pattern (id, name, uri, content, icon_url, pattern_language_id) VALUES ('0ee54310-5f4d-4435-9c34-cf93f742e101', 'Selective Consumer', 'https://patternpedia.org/patternLanguages/eip/selectiveConsumer', '{"Icon": "![](https://www.enterpriseintegrationpatterns.com/img/MessageSelectorIcon.gif)", "Sketch": "![](https://www.enterpriseintegrationpatterns.com/img/MessageSelectorSolution.gif)", "Solution": "Make the consumer a Selective Consumer, one that filteres the messages delivered by its channel so that it only receives the ones that match its criteria.", "Driving Question": "How can a message consumer select which messages it wishes to receive?"}', 'https://www.enterpriseintegrationpatterns.com/img/MessageSelectorIcon.gif', 'f6b807aa-5905-4435-aec6-324355a0483f');
INSERT INTO public.pattern (id, name, uri, content, icon_url, pattern_language_id) VALUES ('ca07715c-696e-4a62-af10-74145ff818f5', 'Durable Subscriber', 'https://patternpedia.org/patternLanguages/eip/durableSubscriber', '{"Icon": "![](https://www.enterpriseintegrationpatterns.com/img/DurableSubscriptionIcon.gif)", "Sketch": "![](https://www.enterpriseintegrationpatterns.com/img/DurableSubscriptionSolution.gif)", "Solution": "Use a Durable Subscriber to make the messaging system save messages published while the subscriber is disconnected.", "Driving Question": "How can a subscriber avoid missing messages while it’s not listening for them?"}', 'https://www.enterpriseintegrationpatterns.com/img/DurableSubscriptionIcon.gif', 'f6b807aa-5905-4435-aec6-324355a0483f');
INSERT INTO public.pattern (id, name, uri, content, icon_url, pattern_language_id) VALUES ('06c5d5cc-5c29-4a74-be75-dfba20cc4f80', 'Idempotent Receiver', 'https://patternpedia.org/patternLanguages/eip/idempotentReceiver', '{"Icon": "", "Sketch": "", "Solution": "Design a receiver to be an Idempotent Receiver--one that can safely receive the same message multiple times.", "Driving Question": "How can a message receiver deal with duplicate messages?"}', '', 'f6b807aa-5905-4435-aec6-324355a0483f');
INSERT INTO public.pattern (id, name, uri, content, icon_url, pattern_language_id) VALUES ('9167d0da-69ec-40a5-b7f8-5eab25833d70', 'Service Activator', 'https://patternpedia.org/patternLanguages/eip/serviceActivator', '{"Icon": "![](https://www.enterpriseintegrationpatterns.com/img/MessagingAdapterIcon.gif)", "Sketch": "![](https://www.enterpriseintegrationpatterns.com/img/MessagingAdapterSolution.gif)", "Solution": "Design a Service Activator that connects the messages on the channel to the service being accessed.", "Driving Question": "How can an application design a service to be invoked both via various messaging technologies and via non-messaging techniques?"}', 'https://www.enterpriseintegrationpatterns.com/img/MessagingAdapterIcon.gif', 'f6b807aa-5905-4435-aec6-324355a0483f');
INSERT INTO public.pattern (id, name, uri, content, icon_url, pattern_language_id) VALUES ('64b05bb7-aaee-4c1a-97b6-14d54d7e6c69', 'Pattern name', 'https://patternpedia.org/patternLanguages/eip/patternName', '{"Icon": "![](https://www.enterpriseintegrationpatterns.com/img/ChannelIcon.gif)", "Sketch": "![](https://www.enterpriseintegrationpatterns.com/img/MessageChannelSolution.gif)", "Solution": "Connect the applications using a Message Channel, where one application writes information to the channel and the other one reads that information from the channel.", "Driving Question": "How does one application communicate with another using messaging?"}', 'https://www.enterpriseintegrationpatterns.com/img/ChannelIcon.gif', 'f6b807aa-5905-4435-aec6-324355a0483f');
INSERT INTO public.pattern (id, name, uri, content, icon_url, pattern_language_id) VALUES ('3b3a9b48-63aa-4523-be3a-6a39fdf4bda7', 'Point-to-Point Channel', 'https://patternpedia.org/patternLanguages/eip/point-to-pointChannel', '{"Icon": "![](https://www.enterpriseintegrationpatterns.com/img/PointToPointIcon.gif)", "Sketch": "![](https://www.enterpriseintegrationpatterns.com/img/PointToPointSolution.gif)", "Solution": "Send the message on a Point-to-Point Channel, which ensures that only one receiver will receive a particular message.", "Driving Question": "How can the caller be sure that exactly one receiver will receive the document or perform the call?"}', 'https://www.enterpriseintegrationpatterns.com/img/PointToPointIcon.gif', 'f6b807aa-5905-4435-aec6-324355a0483f');
INSERT INTO public.pattern (id, name, uri, content, icon_url, pattern_language_id) VALUES ('28343b10-ce82-4c1f-aef2-f7d95316b48e', 'Publish-Subscribe Channel', 'https://patternpedia.org/patternLanguages/eip/publish-subscribeChannel', '{"Icon": "![](https://www.enterpriseintegrationpatterns.com/img/PublishSubscribeIcon.gif)", "Sketch": "![](https://www.enterpriseintegrationpatterns.com/img/PublishSubscribeSolution.gif)", "Solution": "Send the event on a Publish-Subscribe Channel, which delivers a copy of a particular event to each receiver.", "Driving Question": "How can the sender broadcast an event to all interested receivers?"}', 'https://www.enterpriseintegrationpatterns.com/img/PublishSubscribeIcon.gif', 'f6b807aa-5905-4435-aec6-324355a0483f');
INSERT INTO public.pattern (id, name, uri, content, icon_url, pattern_language_id) VALUES ('cf3a2b5f-9d7a-4f2c-ba39-ab2911d3a7d7', 'Datatype Channel', 'https://patternpedia.org/patternLanguages/eip/datatypeChannel', '{"Icon": "![](https://www.enterpriseintegrationpatterns.com/img/DatatypeChannelIcon.gif)", "Sketch": "![](https://www.enterpriseintegrationpatterns.com/img/DatatypeSolution.gif)", "Solution": "Use a separate Datatype Channel for each data type, so that all data on a particular channel is of the same type.", "Driving Question": "How can the application send a data item such that the receiver will know how to process it?"}', 'https://www.enterpriseintegrationpatterns.com/img/DatatypeChannelIcon.gif', 'f6b807aa-5905-4435-aec6-324355a0483f');
INSERT INTO public.pattern (id, name, uri, content, icon_url, pattern_language_id) VALUES ('3e74edee-f076-45b3-8247-a5dd19cb24b2', 'Invalid Message Channel', 'https://patternpedia.org/patternLanguages/eip/invalidMessageChannel', '{"Icon": "![](https://www.enterpriseintegrationpatterns.com/img/InvalidMessageChannelIcon.gif)", "Sketch": "![](https://www.enterpriseintegrationpatterns.com/img/InvalidMessageSolution.gif)", "Solution": "The receiver should move the improper message to an Invalid Message Channel, a special channel for messages that could not be processed by their receivers.", "Driving Question": "How can a messaging receiver gracefully handle receiving a message that makes no sense?"}', 'https://www.enterpriseintegrationpatterns.com/img/InvalidMessageChannelIcon.gif', 'f6b807aa-5905-4435-aec6-324355a0483f');
INSERT INTO public.pattern (id, name, uri, content, icon_url, pattern_language_id) VALUES ('78185c7d-f353-49ee-b1e2-c2a0bcfc4ed2', 'Dead Letter Channel', 'https://patternpedia.org/patternLanguages/eip/deadLetterChannel', '{"Icon": "![](https://www.enterpriseintegrationpatterns.com/img/DeadLetterChannelIcon.gif)", "Sketch": "![](https://www.enterpriseintegrationpatterns.com/img/DeadLetterChannelSolution.gif)", "Solution": "When a messaging system determines that it cannot or should not deliver a message, it may elect to move the message to a Dead Letter Channel.", "Driving Question": "What will the messaging system do with a message it cannot deliver?"}', 'https://www.enterpriseintegrationpatterns.com/img/DeadLetterChannelIcon.gif', 'f6b807aa-5905-4435-aec6-324355a0483f');
INSERT INTO public.pattern (id, name, uri, content, icon_url, pattern_language_id) VALUES ('96ec8c86-c024-4d03-a283-49375e43e086', 'Guaranteed Delivery', 'https://patternpedia.org/patternLanguages/eip/guaranteedDelivery', '{"Icon": "![](https://www.enterpriseintegrationpatterns.com/img/GuaranteedMessagingIcon.gif)", "Sketch": "![](https://www.enterpriseintegrationpatterns.com/img/GuaranteedMessagingSolution.gif)", "Solution": "Use Guaranteed Delivery to make messages persistent so that they are not lost even if the messaging system crashes.", "Driving Question": "How can the sender make sure that a message will be delivered, even if the messaging system fails?"}', 'https://www.enterpriseintegrationpatterns.com/img/GuaranteedMessagingIcon.gif', 'f6b807aa-5905-4435-aec6-324355a0483f');
INSERT INTO public.pattern (id, name, uri, content, icon_url, pattern_language_id) VALUES ('b5c458ea-3a4e-4211-afc9-82510c2cff46', 'Channel Adapter', 'https://patternpedia.org/patternLanguages/eip/channelAdapter', '{"Icon": "![](https://www.enterpriseintegrationpatterns.com/img/ChannelAdapterIcon.gif)", "Sketch": "![](https://www.enterpriseintegrationpatterns.com/img/ChannelAdapterSolution.gif)", "Solution": "Use a Channel Adapter that can access the application''s API or data and publish messages on a channel based on this data, and that likewise can receive messages and invoke functionality inside the application.", "Driving Question": "How can you connect an application to the messaging system so that it can send and receive messages?"}', 'https://www.enterpriseintegrationpatterns.com/img/ChannelAdapterIcon.gif', 'f6b807aa-5905-4435-aec6-324355a0483f');
INSERT INTO public.pattern (id, name, uri, content, icon_url, pattern_language_id) VALUES ('adcaac7d-a028-4d33-9111-ef3e711637e7', 'Messaging Bridge', 'https://patternpedia.org/patternLanguages/eip/messagingBridge', '{"Icon": "![](https://www.enterpriseintegrationpatterns.com/img/MessagingBridgeIcon.gif)", "Sketch": "![](https://www.enterpriseintegrationpatterns.com/img/MessagingBridge.gif)", "Solution": "Use a Messaging Bridge, a connection between messaging systems, to replicate messages between systems.", "Driving Question": "How can multiple messaging systems be connected so that messages available on one are also available on the others?"}', 'https://www.enterpriseintegrationpatterns.com/img/MessagingBridgeIcon.gif', 'f6b807aa-5905-4435-aec6-324355a0483f');
INSERT INTO public.pattern (id, name, uri, content, icon_url, pattern_language_id) VALUES ('ccb661e2-6c0d-4020-9eb2-abd290230b5b', 'Message Bus', 'https://patternpedia.org/patternLanguages/eip/messageBus', '{"Icon": "![](https://www.enterpriseintegrationpatterns.com/img/MessageBusIcon.gif)", "Sketch": "![](https://www.enterpriseintegrationpatterns.com/img/MessageBusSolution.gif)", "Solution": "Structure the connecting middleware between these applications as a Message Bus that enables them to work together using messaging.", "Driving Question": "What is an architecture that enables separate applications to work together, but in a decoupled fashion such that applications can be easily added or removed without affecting the others?"}', 'https://www.enterpriseintegrationpatterns.com/img/MessageBusIcon.gif', 'f6b807aa-5905-4435-aec6-324355a0483f');
INSERT INTO public.pattern (id, name, uri, content, icon_url, pattern_language_id) VALUES ('712b29e2-411b-4ef8-8f81-6cae15222c07', 'Control Bus', 'https://patternpedia.org/patternLanguages/eip/controlBus', '{"Icon": "![](https://www.enterpriseintegrationpatterns.com/img/ControlBusIcon.gif)", "Sketch": "![](https://www.enterpriseintegrationpatterns.com/img/ControlBus.gif)", "Solution": "Use a Control Bus to manage an enterprise integration system. The Control Bus uses the same messaging mechanism used by the application data, but uses separate channels to transmit data that is relevant to the management of components involved in the message flow.", "Driving Question": "How can we effectively administer a messaging system that is distributed across multiple platforms and a wide geographic area?"}', 'https://www.enterpriseintegrationpatterns.com/img/ControlBusIcon.gif', 'f6b807aa-5905-4435-aec6-324355a0483f');
INSERT INTO public.pattern (id, name, uri, content, icon_url, pattern_language_id) VALUES ('662ffad9-7dd3-490f-93d2-efb92f74c5ae', 'Detour', 'https://patternpedia.org/patternLanguages/eip/detour', '{"Icon": "![](https://www.enterpriseintegrationpatterns.com/img/DetourIcon.gif)", "Sketch": "![](https://www.enterpriseintegrationpatterns.com/img/Detour.gif)", "Solution": "Construct a Detour with a context-based router controlled via the Control Bus. In one state the router routes incoming messages through additional steps while in the other it routes messages directly to the destination channel.", "Driving Question": "How can you route a message through intermediate steps to perform validation, testing or debugging functions?"}', 'https://www.enterpriseintegrationpatterns.com/img/DetourIcon.gif', 'f6b807aa-5905-4435-aec6-324355a0483f');
INSERT INTO public.pattern (id, name, uri, content, icon_url, pattern_language_id) VALUES ('b244a2fb-1f27-4e6d-8f43-7e512798f299', 'Wire Tap', 'https://patternpedia.org/patternLanguages/eip/wireTap', '{"Icon": "![](https://www.enterpriseintegrationpatterns.com/img/WireTapIcon.gif)", "Sketch": "![](https://www.enterpriseintegrationpatterns.com/img/WireTap.gif)", "Solution": "Insert a simple Recipient List into the channel that publishes each incoming message to the main channel and a secondary channel.", "Driving Question": "How do you inspect messages that travel on a point-to-point channel?"}', 'https://www.enterpriseintegrationpatterns.com/img/WireTapIcon.gif', 'f6b807aa-5905-4435-aec6-324355a0483f');
INSERT INTO public.pattern (id, name, uri, content, icon_url, pattern_language_id) VALUES ('84c81b22-765b-4edb-a6e7-c626151e0af8', 'Message History', 'https://patternpedia.org/patternLanguages/eip/messageHistory', '{"Icon": "", "Sketch": "![](https://www.enterpriseintegrationpatterns.com/img/MessageHistory.gif)", "Solution": "Therefore, attach a Message History to the message. The Message History is a list of all applications that the message passed through since its origination.", "Driving Question": "How can we effectively analyze and debug the flow of messages in a loosely coupled system?"}', '', 'f6b807aa-5905-4435-aec6-324355a0483f');
INSERT INTO public.pattern (id, name, uri, content, icon_url, pattern_language_id) VALUES ('c699fdf0-f31e-45c0-9d0d-cee2388e1544', 'Smart Proxy', 'https://patternpedia.org/patternLanguages/eip/smartProxy', '{"Icon": "![](https://www.enterpriseintegrationpatterns.com/img/SmartProxyIcon.gif)", "Sketch": "![](https://www.enterpriseintegrationpatterns.com/img/SmartProxy.gif)", "Solution": "Use a Smart Proxy to store the Return Address supplied by the original requestor and replace it with the address of the Smart Proxy. When the service sends the reply message route it to the original Return Address.", "Driving Question": "How can you track messages on a service that publishes reply messages to the Return Address specified by the requestor?"}', 'https://www.enterpriseintegrationpatterns.com/img/SmartProxyIcon.gif', 'f6b807aa-5905-4435-aec6-324355a0483f');
INSERT INTO public.pattern (id, name, uri, content, icon_url, pattern_language_id) VALUES ('5778b4ba-4acd-4c94-9c10-d83d80f75d50', 'Test Message', 'https://patternpedia.org/patternLanguages/eip/testMessage', '{"Icon": "![](https://www.enterpriseintegrationpatterns.com/img/TestMessageIcon.gif)", "Sketch": "![](https://www.enterpriseintegrationpatterns.com/img/TestMessage.gif)", "Solution": "Therefore, use Test Message to assure the health of message processing components (see Figure).", "Driving Question": "What happens, though, if a component is actively processing messages, but garbles outgoing messages due to an internal fault?"}', 'https://www.enterpriseintegrationpatterns.com/img/TestMessageIcon.gif', 'f6b807aa-5905-4435-aec6-324355a0483f');
INSERT INTO public.pattern (id, name, uri, content, icon_url, pattern_language_id) VALUES ('38b1dd17-c3ff-46c4-b300-2e1c7d542abe', 'Channel Purger', 'https://patternpedia.org/patternLanguages/eip/channelPurger', '{"Icon": "![](https://www.enterpriseintegrationpatterns.com/img/ChannelPurgerIcon.gif)", "Sketch": "![](https://www.enterpriseintegrationpatterns.com/img/ChannelPurger.gif)", "Solution": "Use a Channel Purger to remove unwanted messages from a channel.", "Driving Question": "How can you keep ''left-over'' messages on a channel from disturbing tests or running systems?"}', 'https://www.enterpriseintegrationpatterns.com/img/ChannelPurgerIcon.gif', 'f6b807aa-5905-4435-aec6-324355a0483f');
INSERT INTO public.pattern (id, name, uri, content, icon_url, pattern_language_id) VALUES ('f619a8fd-fff8-4981-8947-48ebaaad993c', 'File Transfer', 'https://patternpedia.org/patternLanguages/eip/fileTransfer', '{"Icon": "![](https://www.enterpriseintegrationpatterns.com/img/FileTransferIcon.gif)", "Sketch": "![](https://www.enterpriseintegrationpatterns.com/img/FileTransferIntegration.gif) ", "Solution": "Have each application produce files containing information that other applications need to consume. Integrators take the responsibility of transforming files into different formats. Produce the files at regular intervals according to the nature of the business.", "Driving Question": "How can I integrate multiple applications so that they work together and can exchange information?"}', 'https://www.enterpriseintegrationpatterns.com/img/FileTransferIcon.gif', 'f6b807aa-5905-4435-aec6-324355a0483f');
INSERT INTO public.pattern (id, name, uri, content, icon_url, pattern_language_id) VALUES ('60e3ca01-0b7a-4785-acd7-3dddad0eea8e', 'Shared Database', 'https://patternpedia.org/patternLanguages/eip/sharedDatabase', '{"Icon": "![](https://www.enterpriseintegrationpatterns.com/img/SharedDatabaseIcon.gif)", "Sketch": "![](https://www.enterpriseintegrationpatterns.com/img/SharedDatabaseIntegration.gif)", "Solution": "Integrate applications by having them store their data in a single Shared Database.", "Driving Question": "How can I integrate multiple applications so that they work together and can exchange information?"}', 'https://www.enterpriseintegrationpatterns.com/img/SharedDatabaseIcon.gif', 'f6b807aa-5905-4435-aec6-324355a0483f');
INSERT INTO public.pattern (id, name, uri, content, icon_url, pattern_language_id) VALUES ('36531ec5-477c-4d74-8d84-43276359aa14', 'Remote Procedure Invocation', 'https://patternpedia.org/patternLanguages/eip/remoteProcedureInvocation', '{"Icon": "![](https://www.enterpriseintegrationpatterns.com/img/EncapsulatedSynchronousIcon.gif)", "Sketch": "![](https://www.enterpriseintegrationpatterns.com/img/EncapsulatedSynchronousIntegration.gif)", "Solution": "Develop each application as a large-scale object or component with encapsulated data. Provide an interface to allow other applications to interact with the running application.", "Driving Question": "How can I integrate multiple applications so that they work together and can exchange information?"}', 'https://www.enterpriseintegrationpatterns.com/img/EncapsulatedSynchronousIcon.gif', 'f6b807aa-5905-4435-aec6-324355a0483f');
INSERT INTO public.pattern (id, name, uri, content, icon_url, pattern_language_id) VALUES ('a7e45f3a-e408-4593-9aba-0a724c5ebf26', 'Messaging', 'https://patternpedia.org/patternLanguages/eip/messaging', '{"Icon": "![](https://www.enterpriseintegrationpatterns.com/img/MessagingIcon.gif)", "Sketch": "![](https://www.enterpriseintegrationpatterns.com/img/Messaging.gif)", "Solution": "Use Messaging to transfer packets of data frequently, immediately, reliably, and asynchronously, using customizable formats.", "Driving Question": "How can I integrate multiple applications so that they work together and can exchange information?"}', 'https://www.enterpriseintegrationpatterns.com/img/MessagingIcon.gif', 'f6b807aa-5905-4435-aec6-324355a0483f');
INSERT INTO public.pattern (id, name, uri, content, icon_url, pattern_language_id) VALUES ('9fee292c-8c59-4a99-a3c2-467717a22c70', 'Message Channel', 'https://patternpedia.org/patternLanguages/eip/messageChannel', '{"Icon": "![](https://www.enterpriseintegrationpatterns.com/img/ChannelIcon.gif)", "Sketch": "![](https://www.enterpriseintegrationpatterns.com/img/MessageChannelSolution.gif)", "Solution": "Connect the applications using a Message Channel, where one application writes information to the channel and the other one reads that information from the channel.", "Driving Question": "How does one application communicate with another using messaging?"}', 'https://www.enterpriseintegrationpatterns.com/img/ChannelIcon.gif', 'f6b807aa-5905-4435-aec6-324355a0483f');


INSERT INTO public.directed_edge (id, description, type, pattern_language_id, source_id, target_id) VALUES ('3878b960-845e-41a6-ab01-79240d89599d', 'null', 'isRelatedTo', 'f6b807aa-5905-4435-aec6-324355a0483f', 'f619a8fd-fff8-4981-8947-48ebaaad993c', '36531ec5-477c-4d74-8d84-43276359aa14');
INSERT INTO public.directed_edge (id, description, type, pattern_language_id, source_id, target_id) VALUES ('1b0e3cb2-d29d-4a61-a01f-54f7c3911d78', 'null', 'isRelatedTo', 'f6b807aa-5905-4435-aec6-324355a0483f', 'f619a8fd-fff8-4981-8947-48ebaaad993c', 'a7e45f3a-e408-4593-9aba-0a724c5ebf26');
INSERT INTO public.directed_edge (id, description, type, pattern_language_id, source_id, target_id) VALUES ('f481d599-2c6b-4138-97bc-70d854472d90', 'null', 'isRelatedTo', 'f6b807aa-5905-4435-aec6-324355a0483f', 'f619a8fd-fff8-4981-8947-48ebaaad993c', '60e3ca01-0b7a-4785-acd7-3dddad0eea8e');
INSERT INTO public.directed_edge (id, description, type, pattern_language_id, source_id, target_id) VALUES ('b7e5552a-bbb0-40ce-920e-00a08dda7fdf', 'null', 'isRelatedTo', 'f6b807aa-5905-4435-aec6-324355a0483f', '60e3ca01-0b7a-4785-acd7-3dddad0eea8e', '36531ec5-477c-4d74-8d84-43276359aa14');
INSERT INTO public.directed_edge (id, description, type, pattern_language_id, source_id, target_id) VALUES ('6932e43a-17b1-4c07-9816-e7712223f478', 'null', 'isRelatedTo', 'f6b807aa-5905-4435-aec6-324355a0483f', '60e3ca01-0b7a-4785-acd7-3dddad0eea8e', 'a7e45f3a-e408-4593-9aba-0a724c5ebf26');
INSERT INTO public.directed_edge (id, description, type, pattern_language_id, source_id, target_id) VALUES ('623d9876-4b91-47b8-b567-6ab5cb584c88', 'null', 'isRelatedTo', 'f6b807aa-5905-4435-aec6-324355a0483f', '60e3ca01-0b7a-4785-acd7-3dddad0eea8e', 'f619a8fd-fff8-4981-8947-48ebaaad993c');
INSERT INTO public.directed_edge (id, description, type, pattern_language_id, source_id, target_id) VALUES ('5748b652-bc3e-4705-8e98-56f0b51f9073', 'null', 'isRelatedTo', 'f6b807aa-5905-4435-aec6-324355a0483f', '36531ec5-477c-4d74-8d84-43276359aa14', 'f619a8fd-fff8-4981-8947-48ebaaad993c');
INSERT INTO public.directed_edge (id, description, type, pattern_language_id, source_id, target_id) VALUES ('12750727-5cff-4f5a-9b25-d79dab056f89', 'null', 'isRelatedTo', 'f6b807aa-5905-4435-aec6-324355a0483f', '36531ec5-477c-4d74-8d84-43276359aa14', 'a7e45f3a-e408-4593-9aba-0a724c5ebf26');
INSERT INTO public.directed_edge (id, description, type, pattern_language_id, source_id, target_id) VALUES ('91e5c757-e3a7-42e0-97de-bf3ec1ec1345', 'null', 'isRelatedTo', 'f6b807aa-5905-4435-aec6-324355a0483f', '36531ec5-477c-4d74-8d84-43276359aa14', '60e3ca01-0b7a-4785-acd7-3dddad0eea8e');
INSERT INTO public.directed_edge (id, description, type, pattern_language_id, source_id, target_id) VALUES ('d5f3943a-e0fb-411e-8278-ea1f95f2f9d6', 'null', 'isRelatedTo', 'f6b807aa-5905-4435-aec6-324355a0483f', 'a7e45f3a-e408-4593-9aba-0a724c5ebf26', '36531ec5-477c-4d74-8d84-43276359aa14');
INSERT INTO public.directed_edge (id, description, type, pattern_language_id, source_id, target_id) VALUES ('52bc67ad-cf74-460c-a14b-057168fc3dd1', 'null', 'isRelatedTo', 'f6b807aa-5905-4435-aec6-324355a0483f', 'a7e45f3a-e408-4593-9aba-0a724c5ebf26', 'f619a8fd-fff8-4981-8947-48ebaaad993c');
INSERT INTO public.directed_edge (id, description, type, pattern_language_id, source_id, target_id) VALUES ('75a746d0-3aea-43d8-8d27-e8f5a672b688', 'null', 'isRelatedTo', 'f6b807aa-5905-4435-aec6-324355a0483f', 'a7e45f3a-e408-4593-9aba-0a724c5ebf26', 'c56361d3-4230-4653-942b-fc8ac7488bf9');
INSERT INTO public.directed_edge (id, description, type, pattern_language_id, source_id, target_id) VALUES ('ba209aa6-6163-4d81-8459-329f0529161f', 'null', 'isRelatedTo', 'f6b807aa-5905-4435-aec6-324355a0483f', 'a7e45f3a-e408-4593-9aba-0a724c5ebf26', '9fee292c-8c59-4a99-a3c2-467717a22c70');
INSERT INTO public.directed_edge (id, description, type, pattern_language_id, source_id, target_id) VALUES ('72fbe069-b4bf-488a-9add-9ef081361715', 'null', 'isRelatedTo', 'f6b807aa-5905-4435-aec6-324355a0483f', 'a7e45f3a-e408-4593-9aba-0a724c5ebf26', '3953e924-30f6-4561-8e02-e761b417c1d4');
INSERT INTO public.directed_edge (id, description, type, pattern_language_id, source_id, target_id) VALUES ('8ac818d0-5c68-4c6e-9fea-6cc1900cfd83', 'null', 'isRelatedTo', 'f6b807aa-5905-4435-aec6-324355a0483f', 'a7e45f3a-e408-4593-9aba-0a724c5ebf26', '9bafcace-20a3-4726-963b-06d09437c677');
INSERT INTO public.directed_edge (id, description, type, pattern_language_id, source_id, target_id) VALUES ('8ec9cd9d-9a67-4d46-a4a7-faede50249b7', 'null', 'isRelatedTo', 'f6b807aa-5905-4435-aec6-324355a0483f', 'a7e45f3a-e408-4593-9aba-0a724c5ebf26', '29f4224d-6b91-4218-aed6-0db3e5fa9dc2');
INSERT INTO public.directed_edge (id, description, type, pattern_language_id, source_id, target_id) VALUES ('cf157640-7e49-40e4-ad36-ef7af884660b', 'null', 'isRelatedTo', 'f6b807aa-5905-4435-aec6-324355a0483f', 'a7e45f3a-e408-4593-9aba-0a724c5ebf26', '60e3ca01-0b7a-4785-acd7-3dddad0eea8e');
INSERT INTO public.directed_edge (id, description, type, pattern_language_id, source_id, target_id) VALUES ('1a4e9ed1-286c-46d1-9ce2-eb253481635a', 'null', 'isRelatedTo', 'f6b807aa-5905-4435-aec6-324355a0483f', '9fee292c-8c59-4a99-a3c2-467717a22c70', 'b5c458ea-3a4e-4211-afc9-82510c2cff46');
INSERT INTO public.directed_edge (id, description, type, pattern_language_id, source_id, target_id) VALUES ('5b514a1c-7a05-4736-afdc-93ee127ddc40', 'null', 'isRelatedTo', 'f6b807aa-5905-4435-aec6-324355a0483f', '9fee292c-8c59-4a99-a3c2-467717a22c70', 'cf3a2b5f-9d7a-4f2c-ba39-ab2911d3a7d7');
INSERT INTO public.directed_edge (id, description, type, pattern_language_id, source_id, target_id) VALUES ('f22999c3-5b02-4af5-afa6-b7de2fc6ca01', 'null', 'isRelatedTo', 'f6b807aa-5905-4435-aec6-324355a0483f', '9fee292c-8c59-4a99-a3c2-467717a22c70', '3e74edee-f076-45b3-8247-a5dd19cb24b2');
INSERT INTO public.directed_edge (id, description, type, pattern_language_id, source_id, target_id) VALUES ('270a493f-0016-4100-9d8d-fa6d3f752baf', 'null', 'isRelatedTo', 'f6b807aa-5905-4435-aec6-324355a0483f', '9fee292c-8c59-4a99-a3c2-467717a22c70', 'ccb661e2-6c0d-4020-9eb2-abd290230b5b');
INSERT INTO public.directed_edge (id, description, type, pattern_language_id, source_id, target_id) VALUES ('8d8ab79f-56d3-4895-9137-9d1a8b72d9e6', 'null', 'isRelatedTo', 'f6b807aa-5905-4435-aec6-324355a0483f', '9fee292c-8c59-4a99-a3c2-467717a22c70', '3953e924-30f6-4561-8e02-e761b417c1d4');
INSERT INTO public.directed_edge (id, description, type, pattern_language_id, source_id, target_id) VALUES ('a68409ca-65f1-475c-9f72-163090ef5081', 'null', 'isRelatedTo', 'f6b807aa-5905-4435-aec6-324355a0483f', '9fee292c-8c59-4a99-a3c2-467717a22c70', '0ee54310-5f4d-4435-9c34-cf93f742e101');
INSERT INTO public.directed_edge (id, description, type, pattern_language_id, source_id, target_id) VALUES ('f04295e7-b0c1-4981-bd38-cfd5fd66e35c', 'null', 'isRelatedTo', 'f6b807aa-5905-4435-aec6-324355a0483f', '9fee292c-8c59-4a99-a3c2-467717a22c70', 'a7e45f3a-e408-4593-9aba-0a724c5ebf26');
INSERT INTO public.directed_edge (id, description, type, pattern_language_id, source_id, target_id) VALUES ('98be07f5-e2df-4c3b-866e-bf6f2f574ee6', 'null', 'isRelatedTo', 'f6b807aa-5905-4435-aec6-324355a0483f', '9fee292c-8c59-4a99-a3c2-467717a22c70', '3b3a9b48-63aa-4523-be3a-6a39fdf4bda7');
INSERT INTO public.directed_edge (id, description, type, pattern_language_id, source_id, target_id) VALUES ('61f67322-d918-4452-841d-aa4a62e76d51', 'null', 'isRelatedTo', 'f6b807aa-5905-4435-aec6-324355a0483f', '9fee292c-8c59-4a99-a3c2-467717a22c70', '28343b10-ce82-4c1f-aef2-f7d95316b48e');
INSERT INTO public.directed_edge (id, description, type, pattern_language_id, source_id, target_id) VALUES ('a480fb8e-fa07-4fa8-bc50-4671161931a0', 'null', 'isRelatedTo', 'f6b807aa-5905-4435-aec6-324355a0483f', 'c56361d3-4230-4653-942b-fc8ac7488bf9', '98ccd4dc-86a8-4652-b2c1-5b83b6f078e1');
INSERT INTO public.directed_edge (id, description, type, pattern_language_id, source_id, target_id) VALUES ('ffb5a455-b97a-4a36-9616-0ded53efbc03', 'null', 'isRelatedTo', 'f6b807aa-5905-4435-aec6-324355a0483f', 'c56361d3-4230-4653-942b-fc8ac7488bf9', '19c5ed05-1a24-4971-9aac-390e1931f010');
INSERT INTO public.directed_edge (id, description, type, pattern_language_id, source_id, target_id) VALUES ('54724df3-d445-4d5a-8ef3-ad878ae0378d', 'null', 'isRelatedTo', 'f6b807aa-5905-4435-aec6-324355a0483f', 'c56361d3-4230-4653-942b-fc8ac7488bf9', 'b14e9775-09ad-4019-b5db-dd9670221679');
INSERT INTO public.directed_edge (id, description, type, pattern_language_id, source_id, target_id) VALUES ('96ffe0f4-9339-431b-a445-2e2bc310e31e', 'null', 'isRelatedTo', 'f6b807aa-5905-4435-aec6-324355a0483f', 'c56361d3-4230-4653-942b-fc8ac7488bf9', 'f3afc386-7c81-41d1-9b94-a06a49deb965');
INSERT INTO public.directed_edge (id, description, type, pattern_language_id, source_id, target_id) VALUES ('ed759af2-d877-405a-b0a4-e980c8d506e1', 'null', 'isRelatedTo', 'f6b807aa-5905-4435-aec6-324355a0483f', 'c56361d3-4230-4653-942b-fc8ac7488bf9', '9fee292c-8c59-4a99-a3c2-467717a22c70');
INSERT INTO public.directed_edge (id, description, type, pattern_language_id, source_id, target_id) VALUES ('9d8f4e2d-62d4-42a2-9b24-56b8e0ff3fee', 'null', 'isRelatedTo', 'f6b807aa-5905-4435-aec6-324355a0483f', 'c56361d3-4230-4653-942b-fc8ac7488bf9', 'c34d4c11-da4f-445d-8682-1c92dcfbb6be');
INSERT INTO public.directed_edge (id, description, type, pattern_language_id, source_id, target_id) VALUES ('bb244cf8-b91f-4e25-b443-823e3d2be42b', 'null', 'isRelatedTo', 'f6b807aa-5905-4435-aec6-324355a0483f', 'c56361d3-4230-4653-942b-fc8ac7488bf9', 'acb053d6-b8be-4bce-b62d-3a8aa10b9a0d');
INSERT INTO public.directed_edge (id, description, type, pattern_language_id, source_id, target_id) VALUES ('e188b39a-c194-4418-9c66-d4f232b219bd', 'null', 'isRelatedTo', 'f6b807aa-5905-4435-aec6-324355a0483f', 'c56361d3-4230-4653-942b-fc8ac7488bf9', 'a7e45f3a-e408-4593-9aba-0a724c5ebf26');
INSERT INTO public.directed_edge (id, description, type, pattern_language_id, source_id, target_id) VALUES ('da71d0f9-ff54-4c0a-ad32-b1b3199cfc04', 'null', 'isRelatedTo', 'f6b807aa-5905-4435-aec6-324355a0483f', 'c56361d3-4230-4653-942b-fc8ac7488bf9', 'ef45bb4d-7f1a-4840-9783-aa22ed40032a');
INSERT INTO public.directed_edge (id, description, type, pattern_language_id, source_id, target_id) VALUES ('f4e08542-a990-44f5-93f2-69ab39ea0233', 'null', 'isRelatedTo', 'f6b807aa-5905-4435-aec6-324355a0483f', '1a1b9319-e303-431d-91c3-f4a3b6189982', 'd9bd086d-030c-4ca4-b6d2-29c2fbf517c8');
INSERT INTO public.directed_edge (id, description, type, pattern_language_id, source_id, target_id) VALUES ('8163f357-c2d9-453f-ab9a-6cf4b1928ea8', 'null', 'isRelatedTo', 'f6b807aa-5905-4435-aec6-324355a0483f', '1a1b9319-e303-431d-91c3-f4a3b6189982', '26bc2583-1c9f-4d6e-9968-e5aa0e8ab82f');
INSERT INTO public.directed_edge (id, description, type, pattern_language_id, source_id, target_id) VALUES ('1577f4a1-f497-4e49-a05f-064ad2340b4b', 'null', 'isRelatedTo', 'f6b807aa-5905-4435-aec6-324355a0483f', '1a1b9319-e303-431d-91c3-f4a3b6189982', '87ae00d9-3fc7-4b9b-ac8b-48b79cbf8f65');
INSERT INTO public.directed_edge (id, description, type, pattern_language_id, source_id, target_id) VALUES ('1463ded0-0ac3-47f3-a974-1335dade3479', 'null', 'isRelatedTo', 'f6b807aa-5905-4435-aec6-324355a0483f', '1a1b9319-e303-431d-91c3-f4a3b6189982', '9c49472d-47fc-417e-b75a-512d57e76870');
INSERT INTO public.directed_edge (id, description, type, pattern_language_id, source_id, target_id) VALUES ('5f861032-6ddd-4349-b6c5-af8a4bc576b2', 'null', 'isRelatedTo', 'f6b807aa-5905-4435-aec6-324355a0483f', '1a1b9319-e303-431d-91c3-f4a3b6189982', '9fee292c-8c59-4a99-a3c2-467717a22c70');
INSERT INTO public.directed_edge (id, description, type, pattern_language_id, source_id, target_id) VALUES ('12b0bca5-dee8-4877-b118-09860bb627ec', 'null', 'isRelatedTo', 'f6b807aa-5905-4435-aec6-324355a0483f', '1a1b9319-e303-431d-91c3-f4a3b6189982', '9bafcace-20a3-4726-963b-06d09437c677');
INSERT INTO public.directed_edge (id, description, type, pattern_language_id, source_id, target_id) VALUES ('33809ff6-d500-4258-bd8f-924a09afe78c', 'null', 'isRelatedTo', 'f6b807aa-5905-4435-aec6-324355a0483f', '1a1b9319-e303-431d-91c3-f4a3b6189982', 'a7e45f3a-e408-4593-9aba-0a724c5ebf26');
INSERT INTO public.directed_edge (id, description, type, pattern_language_id, source_id, target_id) VALUES ('b1ea0171-f832-402e-9d1f-9cb1bd3ca534', 'null', 'isRelatedTo', 'f6b807aa-5905-4435-aec6-324355a0483f', '1a1b9319-e303-431d-91c3-f4a3b6189982', '02fc1261-b7d6-4d85-89ef-c987ab92f3d4');
INSERT INTO public.directed_edge (id, description, type, pattern_language_id, source_id, target_id) VALUES ('a9f02713-b90c-4d90-b035-3018e06f0c6d', 'null', 'isRelatedTo', 'f6b807aa-5905-4435-aec6-324355a0483f', '1a1b9319-e303-431d-91c3-f4a3b6189982', '3b3a9b48-63aa-4523-be3a-6a39fdf4bda7');
INSERT INTO public.directed_edge (id, description, type, pattern_language_id, source_id, target_id) VALUES ('fd53b1a1-5e22-4b40-b798-01e049989cb6', 'null', 'isRelatedTo', 'f6b807aa-5905-4435-aec6-324355a0483f', '1a1b9319-e303-431d-91c3-f4a3b6189982', '8c047398-63a1-4940-a5c5-c44834f48516');
INSERT INTO public.directed_edge (id, description, type, pattern_language_id, source_id, target_id) VALUES ('f1dad4b9-ca8a-4b8f-964f-8597734eac60', 'null', 'isRelatedTo', 'f6b807aa-5905-4435-aec6-324355a0483f', '1a1b9319-e303-431d-91c3-f4a3b6189982', '5778b4ba-4acd-4c94-9c10-d83d80f75d50');
INSERT INTO public.directed_edge (id, description, type, pattern_language_id, source_id, target_id) VALUES ('9c469823-2cbe-43b3-b4f4-0b5a382849e9', 'null', 'isRelatedTo', 'f6b807aa-5905-4435-aec6-324355a0483f', '1a1b9319-e303-431d-91c3-f4a3b6189982', 'a2b0eaca-aa24-4036-b730-265a97043b75');
INSERT INTO public.directed_edge (id, description, type, pattern_language_id, source_id, target_id) VALUES ('0b542913-643e-4c0a-b95b-250e5a670e1c', 'null', 'isRelatedTo', 'f6b807aa-5905-4435-aec6-324355a0483f', '9bafcace-20a3-4726-963b-06d09437c677', 'b5c458ea-3a4e-4211-afc9-82510c2cff46');
INSERT INTO public.directed_edge (id, description, type, pattern_language_id, source_id, target_id) VALUES ('062acabd-fb95-45a7-a623-3a400563f3d9', 'null', 'isRelatedTo', 'f6b807aa-5905-4435-aec6-324355a0483f', '9bafcace-20a3-4726-963b-06d09437c677', 'd89d5a40-b864-4d97-9b44-211ed25c4f98');
INSERT INTO public.directed_edge (id, description, type, pattern_language_id, source_id, target_id) VALUES ('12dfa380-5e40-442a-b518-9954217b22f5', 'null', 'isRelatedTo', 'f6b807aa-5905-4435-aec6-324355a0483f', '9bafcace-20a3-4726-963b-06d09437c677', '712b29e2-411b-4ef8-8f81-6cae15222c07');
INSERT INTO public.directed_edge (id, description, type, pattern_language_id, source_id, target_id) VALUES ('ce7272ef-1d37-4053-b1a9-6f5db079f26b', 'null', 'isRelatedTo', 'f6b807aa-5905-4435-aec6-324355a0483f', '9bafcace-20a3-4726-963b-06d09437c677', 'cf3a2b5f-9d7a-4f2c-ba39-ab2911d3a7d7');
INSERT INTO public.directed_edge (id, description, type, pattern_language_id, source_id, target_id) VALUES ('6bca1072-df14-481e-a23a-65479be61d09', 'null', 'isRelatedTo', 'f6b807aa-5905-4435-aec6-324355a0483f', '9bafcace-20a3-4726-963b-06d09437c677', 'be9c4245-79db-40cd-a0d4-c750c3a822b6');
INSERT INTO public.directed_edge (id, description, type, pattern_language_id, source_id, target_id) VALUES ('048e025b-5578-49ba-8640-e9e404cff49c', 'null', 'isRelatedTo', 'f6b807aa-5905-4435-aec6-324355a0483f', '9bafcace-20a3-4726-963b-06d09437c677', '9c49472d-47fc-417e-b75a-512d57e76870');
INSERT INTO public.directed_edge (id, description, type, pattern_language_id, source_id, target_id) VALUES ('b7b90e9a-e82d-4f95-a8b6-4448a50c7417', 'null', 'isRelatedTo', 'f6b807aa-5905-4435-aec6-324355a0483f', '9bafcace-20a3-4726-963b-06d09437c677', 'c56361d3-4230-4653-942b-fc8ac7488bf9');
INSERT INTO public.directed_edge (id, description, type, pattern_language_id, source_id, target_id) VALUES ('208b6db4-c8a0-48b7-8451-07154a6cee32', 'null', 'isRelatedTo', 'f6b807aa-5905-4435-aec6-324355a0483f', '9bafcace-20a3-4726-963b-06d09437c677', '9fee292c-8c59-4a99-a3c2-467717a22c70');
INSERT INTO public.directed_edge (id, description, type, pattern_language_id, source_id, target_id) VALUES ('87812fe1-fb02-41d7-8d11-f63085e3d5b2', 'null', 'isRelatedTo', 'f6b807aa-5905-4435-aec6-324355a0483f', '9bafcace-20a3-4726-963b-06d09437c677', '84c81b22-765b-4edb-a6e7-c626151e0af8');
INSERT INTO public.directed_edge (id, description, type, pattern_language_id, source_id, target_id) VALUES ('4f61344b-6dd4-410e-83ac-8a380b74dd1b', 'null', 'isRelatedTo', 'f6b807aa-5905-4435-aec6-324355a0483f', '9bafcace-20a3-4726-963b-06d09437c677', '29f4224d-6b91-4218-aed6-0db3e5fa9dc2');
INSERT INTO public.directed_edge (id, description, type, pattern_language_id, source_id, target_id) VALUES ('d5b3460c-6855-4d92-a318-ab8038099197', 'null', 'isRelatedTo', 'f6b807aa-5905-4435-aec6-324355a0483f', '9bafcace-20a3-4726-963b-06d09437c677', '1a1b9319-e303-431d-91c3-f4a3b6189982');
INSERT INTO public.directed_edge (id, description, type, pattern_language_id, source_id, target_id) VALUES ('77c0eaf9-b4e8-42d3-80f8-bcf0c0d3f306', 'null', 'isRelatedTo', 'f6b807aa-5905-4435-aec6-324355a0483f', '9bafcace-20a3-4726-963b-06d09437c677', '28343b10-ce82-4c1f-aef2-f7d95316b48e');
INSERT INTO public.directed_edge (id, description, type, pattern_language_id, source_id, target_id) VALUES ('e759dbcc-64df-4ad2-b054-e86479e09684', 'null', 'isRelatedTo', 'f6b807aa-5905-4435-aec6-324355a0483f', '9bafcace-20a3-4726-963b-06d09437c677', 'a2b0eaca-aa24-4036-b730-265a97043b75');
INSERT INTO public.directed_edge (id, description, type, pattern_language_id, source_id, target_id) VALUES ('031dae7c-bf02-4bdf-b5e4-00397ef33bc4', 'null', 'isRelatedTo', 'f6b807aa-5905-4435-aec6-324355a0483f', '29f4224d-6b91-4218-aed6-0db3e5fa9dc2', '98ccd4dc-86a8-4652-b2c1-5b83b6f078e1');
INSERT INTO public.directed_edge (id, description, type, pattern_language_id, source_id, target_id) VALUES ('ad02e0b7-94f1-4541-a942-f6692f12bb08', 'null', 'isRelatedTo', 'f6b807aa-5905-4435-aec6-324355a0483f', '29f4224d-6b91-4218-aed6-0db3e5fa9dc2', 'b5c458ea-3a4e-4211-afc9-82510c2cff46');
INSERT INTO public.directed_edge (id, description, type, pattern_language_id, source_id, target_id) VALUES ('b1054500-0d1b-4424-9a25-8a48d7232389', 'null', 'isRelatedTo', 'f6b807aa-5905-4435-aec6-324355a0483f', '29f4224d-6b91-4218-aed6-0db3e5fa9dc2', '26bc2583-1c9f-4d6e-9968-e5aa0e8ab82f');
INSERT INTO public.directed_edge (id, description, type, pattern_language_id, source_id, target_id) VALUES ('f2156a12-2892-4c13-b41e-6de422b88eb1', 'null', 'isRelatedTo', 'f6b807aa-5905-4435-aec6-324355a0483f', '29f4224d-6b91-4218-aed6-0db3e5fa9dc2', 'b3418862-26a6-4bbb-b546-c12f48c45b16');
INSERT INTO public.directed_edge (id, description, type, pattern_language_id, source_id, target_id) VALUES ('bc8eabaf-3e4f-4185-8366-49671dd0ac8c', 'null', 'isRelatedTo', 'f6b807aa-5905-4435-aec6-324355a0483f', '29f4224d-6b91-4218-aed6-0db3e5fa9dc2', '9fee292c-8c59-4a99-a3c2-467717a22c70');
INSERT INTO public.directed_edge (id, description, type, pattern_language_id, source_id, target_id) VALUES ('5c192ee8-8c0e-4534-a232-72180c68ba80', 'null', 'isRelatedTo', 'f6b807aa-5905-4435-aec6-324355a0483f', '29f4224d-6b91-4218-aed6-0db3e5fa9dc2', '3953e924-30f6-4561-8e02-e761b417c1d4');
INSERT INTO public.directed_edge (id, description, type, pattern_language_id, source_id, target_id) VALUES ('06d79bf4-21a2-4b95-9f08-ee51344bd5ff', 'null', 'isRelatedTo', 'f6b807aa-5905-4435-aec6-324355a0483f', '29f4224d-6b91-4218-aed6-0db3e5fa9dc2', '9bafcace-20a3-4726-963b-06d09437c677');
INSERT INTO public.directed_edge (id, description, type, pattern_language_id, source_id, target_id) VALUES ('feb722a0-9943-40a1-8e1a-7025c069088c', 'null', 'isRelatedTo', 'f6b807aa-5905-4435-aec6-324355a0483f', '29f4224d-6b91-4218-aed6-0db3e5fa9dc2', '29f4224d-6b91-4218-aed6-0db3e5fa9dc2');
INSERT INTO public.directed_edge (id, description, type, pattern_language_id, source_id, target_id) VALUES ('0a143b73-8e5f-41fc-b4ac-5128fd6714e4', 'null', 'isRelatedTo', 'f6b807aa-5905-4435-aec6-324355a0483f', '29f4224d-6b91-4218-aed6-0db3e5fa9dc2', 'adcaac7d-a028-4d33-9111-ef3e711637e7');
INSERT INTO public.directed_edge (id, description, type, pattern_language_id, source_id, target_id) VALUES ('3a8972a1-f838-4c0f-ae30-c0814d59a893', 'null', 'isRelatedTo', 'f6b807aa-5905-4435-aec6-324355a0483f', '29f4224d-6b91-4218-aed6-0db3e5fa9dc2', '89dd6672-dd42-470b-8e84-129e4ec7540c');
INSERT INTO public.directed_edge (id, description, type, pattern_language_id, source_id, target_id) VALUES ('e7c08909-f9d8-4329-b296-6a6773f6f424', 'null', 'isRelatedTo', 'f6b807aa-5905-4435-aec6-324355a0483f', '29f4224d-6b91-4218-aed6-0db3e5fa9dc2', '1a1b9319-e303-431d-91c3-f4a3b6189982');
INSERT INTO public.directed_edge (id, description, type, pattern_language_id, source_id, target_id) VALUES ('909a8277-7d07-45a0-abe7-530ff30e5b9a', 'null', 'isRelatedTo', 'f6b807aa-5905-4435-aec6-324355a0483f', '3953e924-30f6-4561-8e02-e761b417c1d4', 'b5c458ea-3a4e-4211-afc9-82510c2cff46');
INSERT INTO public.directed_edge (id, description, type, pattern_language_id, source_id, target_id) VALUES ('20f5b523-6a2c-4c9c-8386-ecf29541ce4e', 'null', 'isRelatedTo', 'f6b807aa-5905-4435-aec6-324355a0483f', '3953e924-30f6-4561-8e02-e761b417c1d4', '9fee292c-8c59-4a99-a3c2-467717a22c70');
INSERT INTO public.directed_edge (id, description, type, pattern_language_id, source_id, target_id) VALUES ('a42b0d4f-409f-4203-b709-eb567a04d9a0', 'null', 'isRelatedTo', 'f6b807aa-5905-4435-aec6-324355a0483f', '3953e924-30f6-4561-8e02-e761b417c1d4', '7c775873-1ebf-4574-8cb1-29b0c661b8f3');
INSERT INTO public.directed_edge (id, description, type, pattern_language_id, source_id, target_id) VALUES ('7c245f60-ffa3-4bcf-a00b-8cc01cba8e5a', 'null', 'isRelatedTo', 'f6b807aa-5905-4435-aec6-324355a0483f', '3953e924-30f6-4561-8e02-e761b417c1d4', '0ee54310-5f4d-4435-9c34-cf93f742e101');
INSERT INTO public.directed_edge (id, description, type, pattern_language_id, source_id, target_id) VALUES ('f4cdd365-f06c-448b-a834-4f4f40578b08', 'null', 'isRelatedTo', 'f6b807aa-5905-4435-aec6-324355a0483f', '3953e924-30f6-4561-8e02-e761b417c1d4', '9167d0da-69ec-40a5-b7f8-5eab25833d70');
INSERT INTO public.directed_edge (id, description, type, pattern_language_id, source_id, target_id) VALUES ('4ceb7f5e-d48a-42de-8bd8-f68e9150ba13', 'null', 'isRelatedTo', 'f6b807aa-5905-4435-aec6-324355a0483f', '3953e924-30f6-4561-8e02-e761b417c1d4', '02fc1261-b7d6-4d85-89ef-c987ab92f3d4');
INSERT INTO public.directed_edge (id, description, type, pattern_language_id, source_id, target_id) VALUES ('b2af6184-3d1c-4e10-b5bf-76cedd797ce0', 'null', 'isRelatedTo', 'f6b807aa-5905-4435-aec6-324355a0483f', '29f4224d-6b91-4218-aed6-0db3e5fa9dc2', '60e3ca01-0b7a-4785-acd7-3dddad0eea8e');
INSERT INTO public.directed_edge (id, description, type, pattern_language_id, source_id, target_id) VALUES ('b813ea54-df99-4af4-9bb9-b59499772704', 'null', 'isRelatedTo', 'f6b807aa-5905-4435-aec6-324355a0483f', '29f4224d-6b91-4218-aed6-0db3e5fa9dc2', '6c3f4121-65c2-444e-9d5a-f16f47fd2ed5');
INSERT INTO public.directed_edge (id, description, type, pattern_language_id, source_id, target_id) VALUES ('4f3af752-43b9-4978-b849-a96df5d3a910', 'null', 'isRelatedTo', 'f6b807aa-5905-4435-aec6-324355a0483f', '3953e924-30f6-4561-8e02-e761b417c1d4', 'd9bd086d-030c-4ca4-b6d2-29c2fbf517c8');
INSERT INTO public.directed_edge (id, description, type, pattern_language_id, source_id, target_id) VALUES ('075a2137-73eb-4ff8-a76b-b800f1f8c616', 'null', 'isRelatedTo', 'f6b807aa-5905-4435-aec6-324355a0483f', '3953e924-30f6-4561-8e02-e761b417c1d4', 'ca07715c-696e-4a62-af10-74145ff818f5');
INSERT INTO public.directed_edge (id, description, type, pattern_language_id, source_id, target_id) VALUES ('08802442-ef21-4eb5-b640-f0683da56d9d', 'null', 'isRelatedTo', 'f6b807aa-5905-4435-aec6-324355a0483f', '3953e924-30f6-4561-8e02-e761b417c1d4', '87ae00d9-3fc7-4b9b-ac8b-48b79cbf8f65');
INSERT INTO public.directed_edge (id, description, type, pattern_language_id, source_id, target_id) VALUES ('3e046ee3-d639-4798-b1cb-eaf12532b60e', 'null', 'isRelatedTo', 'f6b807aa-5905-4435-aec6-324355a0483f', '3953e924-30f6-4561-8e02-e761b417c1d4', '06c5d5cc-5c29-4a74-be75-dfba20cc4f80');
INSERT INTO public.directed_edge (id, description, type, pattern_language_id, source_id, target_id) VALUES ('9762f56d-d120-4254-b117-bdf8af9f4382', 'null', 'isRelatedTo', 'f6b807aa-5905-4435-aec6-324355a0483f', '3953e924-30f6-4561-8e02-e761b417c1d4', 'c56361d3-4230-4653-942b-fc8ac7488bf9');
INSERT INTO public.directed_edge (id, description, type, pattern_language_id, source_id, target_id) VALUES ('ded3a386-c69c-4ae9-b6a7-ac8dca70a1d7', 'null', 'isRelatedTo', 'f6b807aa-5905-4435-aec6-324355a0483f', '3953e924-30f6-4561-8e02-e761b417c1d4', '29acda13-a41f-4270-9248-375814889f20');
INSERT INTO public.directed_edge (id, description, type, pattern_language_id, source_id, target_id) VALUES ('55db5b81-9b8a-4bdc-94ae-ff49c5fa02ea', 'null', 'isRelatedTo', 'f6b807aa-5905-4435-aec6-324355a0483f', '3953e924-30f6-4561-8e02-e761b417c1d4', '78b58f38-9075-44a1-8eb4-5ab0ba4b801d');
INSERT INTO public.directed_edge (id, description, type, pattern_language_id, source_id, target_id) VALUES ('c690ac44-4a9a-42ce-9976-e189b5966260', 'null', 'isRelatedTo', 'f6b807aa-5905-4435-aec6-324355a0483f', '3953e924-30f6-4561-8e02-e761b417c1d4', 'a2b0eaca-aa24-4036-b730-265a97043b75');
INSERT INTO public.directed_edge (id, description, type, pattern_language_id, source_id, target_id) VALUES ('2c6d5252-5b4c-4086-8d9f-a6182c964e73', 'null', 'isRelatedTo', 'f6b807aa-5905-4435-aec6-324355a0483f', '3b3a9b48-63aa-4523-be3a-6a39fdf4bda7', '19c5ed05-1a24-4971-9aac-390e1931f010');
INSERT INTO public.directed_edge (id, description, type, pattern_language_id, source_id, target_id) VALUES ('485abde8-0d9c-4d52-ae6d-d1ce0499935c', 'null', 'isRelatedTo', 'f6b807aa-5905-4435-aec6-324355a0483f', '3b3a9b48-63aa-4523-be3a-6a39fdf4bda7', 'd9bd086d-030c-4ca4-b6d2-29c2fbf517c8');
INSERT INTO public.directed_edge (id, description, type, pattern_language_id, source_id, target_id) VALUES ('944cb2b1-f6ac-4d85-83f0-b873689b9e8c', 'null', 'isRelatedTo', 'f6b807aa-5905-4435-aec6-324355a0483f', '3b3a9b48-63aa-4523-be3a-6a39fdf4bda7', 'b14e9775-09ad-4019-b5db-dd9670221679');
INSERT INTO public.directed_edge (id, description, type, pattern_language_id, source_id, target_id) VALUES ('e4ca8a1e-1b58-430e-a9b7-b30b13b68c48', 'null', 'isRelatedTo', 'f6b807aa-5905-4435-aec6-324355a0483f', '3b3a9b48-63aa-4523-be3a-6a39fdf4bda7', 'c56361d3-4230-4653-942b-fc8ac7488bf9');
INSERT INTO public.directed_edge (id, description, type, pattern_language_id, source_id, target_id) VALUES ('468c7d7a-7a93-44f1-9837-00f8af6b8b80', 'null', 'isRelatedTo', 'f6b807aa-5905-4435-aec6-324355a0483f', '3b3a9b48-63aa-4523-be3a-6a39fdf4bda7', '9fee292c-8c59-4a99-a3c2-467717a22c70');
INSERT INTO public.directed_edge (id, description, type, pattern_language_id, source_id, target_id) VALUES ('0f424906-a25c-4854-91dc-19c3a8f67c3d', 'null', 'isRelatedTo', 'f6b807aa-5905-4435-aec6-324355a0483f', '3b3a9b48-63aa-4523-be3a-6a39fdf4bda7', 'a7e45f3a-e408-4593-9aba-0a724c5ebf26');
INSERT INTO public.directed_edge (id, description, type, pattern_language_id, source_id, target_id) VALUES ('95356799-0b0c-4c70-b874-259560649466', 'null', 'isRelatedTo', 'f6b807aa-5905-4435-aec6-324355a0483f', '3b3a9b48-63aa-4523-be3a-6a39fdf4bda7', '28343b10-ce82-4c1f-aef2-f7d95316b48e');
INSERT INTO public.directed_edge (id, description, type, pattern_language_id, source_id, target_id) VALUES ('b0d6f39e-1547-479f-b0f3-a74cb32358b0', 'null', 'isRelatedTo', 'f6b807aa-5905-4435-aec6-324355a0483f', '3b3a9b48-63aa-4523-be3a-6a39fdf4bda7', 'ef45bb4d-7f1a-4840-9783-aa22ed40032a');
INSERT INTO public.directed_edge (id, description, type, pattern_language_id, source_id, target_id) VALUES ('67beca79-2f67-4383-a080-19dff22e3ead', 'null', 'isRelatedTo', 'f6b807aa-5905-4435-aec6-324355a0483f', '28343b10-ce82-4c1f-aef2-f7d95316b48e', 'd9bd086d-030c-4ca4-b6d2-29c2fbf517c8');
INSERT INTO public.directed_edge (id, description, type, pattern_language_id, source_id, target_id) VALUES ('024398cc-2d0b-41ab-bea3-efef33369851', 'null', 'isRelatedTo', 'f6b807aa-5905-4435-aec6-324355a0483f', '28343b10-ce82-4c1f-aef2-f7d95316b48e', 'ca07715c-696e-4a62-af10-74145ff818f5');
INSERT INTO public.directed_edge (id, description, type, pattern_language_id, source_id, target_id) VALUES ('45488177-e578-4380-b530-9afb3cb61909', 'null', 'isRelatedTo', 'f6b807aa-5905-4435-aec6-324355a0483f', '28343b10-ce82-4c1f-aef2-f7d95316b48e', 'f3afc386-7c81-41d1-9b94-a06a49deb965');
INSERT INTO public.directed_edge (id, description, type, pattern_language_id, source_id, target_id) VALUES ('67f442dd-b1e9-40b1-a247-d7f2052e71ff', 'null', 'isRelatedTo', 'f6b807aa-5905-4435-aec6-324355a0483f', '28343b10-ce82-4c1f-aef2-f7d95316b48e', 'c56361d3-4230-4653-942b-fc8ac7488bf9');
INSERT INTO public.directed_edge (id, description, type, pattern_language_id, source_id, target_id) VALUES ('eee01ae4-a4a0-49ee-a85c-c6935bc6a1db', 'null', 'isRelatedTo', 'f6b807aa-5905-4435-aec6-324355a0483f', '28343b10-ce82-4c1f-aef2-f7d95316b48e', '9fee292c-8c59-4a99-a3c2-467717a22c70');
INSERT INTO public.directed_edge (id, description, type, pattern_language_id, source_id, target_id) VALUES ('76e8bafa-ef9b-460b-aef9-f504e5161557', 'null', 'isRelatedTo', 'f6b807aa-5905-4435-aec6-324355a0483f', '28343b10-ce82-4c1f-aef2-f7d95316b48e', '26c8f1cb-a592-415e-846e-22f2ee761c8f');
INSERT INTO public.directed_edge (id, description, type, pattern_language_id, source_id, target_id) VALUES ('dcdfbb91-4103-4919-aa84-b5c1f429afd4', 'null', 'isRelatedTo', 'f6b807aa-5905-4435-aec6-324355a0483f', '28343b10-ce82-4c1f-aef2-f7d95316b48e', 'a7e45f3a-e408-4593-9aba-0a724c5ebf26');
INSERT INTO public.directed_edge (id, description, type, pattern_language_id, source_id, target_id) VALUES ('3359857b-da33-4c83-964c-3005686fa5ce', 'null', 'isRelatedTo', 'f6b807aa-5905-4435-aec6-324355a0483f', '28343b10-ce82-4c1f-aef2-f7d95316b48e', '3b3a9b48-63aa-4523-be3a-6a39fdf4bda7');
INSERT INTO public.directed_edge (id, description, type, pattern_language_id, source_id, target_id) VALUES ('af03242d-3dfc-4dcf-86fa-375ec79adf20', 'null', 'isRelatedTo', 'f6b807aa-5905-4435-aec6-324355a0483f', '28343b10-ce82-4c1f-aef2-f7d95316b48e', 'ef45bb4d-7f1a-4840-9783-aa22ed40032a');
INSERT INTO public.directed_edge (id, description, type, pattern_language_id, source_id, target_id) VALUES ('0074dbed-836c-476d-bf49-c24a04575af5', 'null', 'isRelatedTo', 'f6b807aa-5905-4435-aec6-324355a0483f', 'cf3a2b5f-9d7a-4f2c-ba39-ab2911d3a7d7', '98ccd4dc-86a8-4652-b2c1-5b83b6f078e1');
INSERT INTO public.directed_edge (id, description, type, pattern_language_id, source_id, target_id) VALUES ('ee43e604-a142-486d-ae10-db3599e02a9c', 'null', 'isRelatedTo', 'f6b807aa-5905-4435-aec6-324355a0483f', 'cf3a2b5f-9d7a-4f2c-ba39-ab2911d3a7d7', '19c5ed05-1a24-4971-9aac-390e1931f010');
INSERT INTO public.directed_edge (id, description, type, pattern_language_id, source_id, target_id) VALUES ('dccd618a-ac9f-4f2e-8050-a0115dce8169', 'null', 'isRelatedTo', 'f6b807aa-5905-4435-aec6-324355a0483f', 'cf3a2b5f-9d7a-4f2c-ba39-ab2911d3a7d7', '01d63259-109f-4136-878d-77e503ac8a11');
INSERT INTO public.directed_edge (id, description, type, pattern_language_id, source_id, target_id) VALUES ('f2e86c91-9d6d-47c9-9ca8-a47130d261d5', 'null', 'isRelatedTo', 'f6b807aa-5905-4435-aec6-324355a0483f', 'cf3a2b5f-9d7a-4f2c-ba39-ab2911d3a7d7', '9fee292c-8c59-4a99-a3c2-467717a22c70');
INSERT INTO public.directed_edge (id, description, type, pattern_language_id, source_id, target_id) VALUES ('d4649492-84b0-4625-a872-bfcc7f3e5f7e', 'null', 'isRelatedTo', 'f6b807aa-5905-4435-aec6-324355a0483f', 'cf3a2b5f-9d7a-4f2c-ba39-ab2911d3a7d7', '7c775873-1ebf-4574-8cb1-29b0c661b8f3');
INSERT INTO public.directed_edge (id, description, type, pattern_language_id, source_id, target_id) VALUES ('5ba41ca0-704d-4779-9d95-b991148723ad', 'null', 'isRelatedTo', 'f6b807aa-5905-4435-aec6-324355a0483f', 'cf3a2b5f-9d7a-4f2c-ba39-ab2911d3a7d7', '0ee54310-5f4d-4435-9c34-cf93f742e101');
INSERT INTO public.directed_edge (id, description, type, pattern_language_id, source_id, target_id) VALUES ('760b5fe8-a464-43f3-9cac-c15398ca722f', 'null', 'isRelatedTo', 'f6b807aa-5905-4435-aec6-324355a0483f', 'cf3a2b5f-9d7a-4f2c-ba39-ab2911d3a7d7', 'a7e45f3a-e408-4593-9aba-0a724c5ebf26');
INSERT INTO public.directed_edge (id, description, type, pattern_language_id, source_id, target_id) VALUES ('5a7a0dac-0a4d-4389-bdb1-ac6bbe998426', 'null', 'isRelatedTo', 'f6b807aa-5905-4435-aec6-324355a0483f', '3e74edee-f076-45b3-8247-a5dd19cb24b2', '19c5ed05-1a24-4971-9aac-390e1931f010');
INSERT INTO public.directed_edge (id, description, type, pattern_language_id, source_id, target_id) VALUES ('3ec33b7a-03ba-4a96-99a5-57a58991db75', 'null', 'isRelatedTo', 'f6b807aa-5905-4435-aec6-324355a0483f', '3e74edee-f076-45b3-8247-a5dd19cb24b2', '330ba4a6-411d-4d44-913a-2805a9f21cf7');
INSERT INTO public.directed_edge (id, description, type, pattern_language_id, source_id, target_id) VALUES ('68dc8139-97f2-4f25-b501-801104d92c0f', 'null', 'isRelatedTo', 'f6b807aa-5905-4435-aec6-324355a0483f', '3e74edee-f076-45b3-8247-a5dd19cb24b2', 'cf3a2b5f-9d7a-4f2c-ba39-ab2911d3a7d7');
INSERT INTO public.directed_edge (id, description, type, pattern_language_id, source_id, target_id) VALUES ('9639a0d5-6670-4dad-896b-7488cdba76fc', 'null', 'isRelatedTo', 'f6b807aa-5905-4435-aec6-324355a0483f', '3e74edee-f076-45b3-8247-a5dd19cb24b2', '78185c7d-f353-49ee-b1e2-c2a0bcfc4ed2');
INSERT INTO public.directed_edge (id, description, type, pattern_language_id, source_id, target_id) VALUES ('69a303d0-e373-4449-ba73-f7c5968c72d8', 'null', 'isRelatedTo', 'f6b807aa-5905-4435-aec6-324355a0483f', '3e74edee-f076-45b3-8247-a5dd19cb24b2', 'c56361d3-4230-4653-942b-fc8ac7488bf9');
INSERT INTO public.directed_edge (id, description, type, pattern_language_id, source_id, target_id) VALUES ('22934057-246b-49e1-aa98-7fe87204a95b', 'null', 'isRelatedTo', 'f6b807aa-5905-4435-aec6-324355a0483f', '3e74edee-f076-45b3-8247-a5dd19cb24b2', '9fee292c-8c59-4a99-a3c2-467717a22c70');
INSERT INTO public.directed_edge (id, description, type, pattern_language_id, source_id, target_id) VALUES ('c7f36611-22ac-4d15-bcb6-67dbf34799db', 'null', 'isRelatedTo', 'f6b807aa-5905-4435-aec6-324355a0483f', '3e74edee-f076-45b3-8247-a5dd19cb24b2', 'acb053d6-b8be-4bce-b62d-3a8aa10b9a0d');
INSERT INTO public.directed_edge (id, description, type, pattern_language_id, source_id, target_id) VALUES ('7af7d3d8-b3dc-4228-86d3-3d7f4b3ebb7a', 'null', 'isRelatedTo', 'f6b807aa-5905-4435-aec6-324355a0483f', '3e74edee-f076-45b3-8247-a5dd19cb24b2', 'a7e45f3a-e408-4593-9aba-0a724c5ebf26');
INSERT INTO public.directed_edge (id, description, type, pattern_language_id, source_id, target_id) VALUES ('5eaf77e8-4f15-44bf-9e36-147443aed258', 'null', 'isRelatedTo', 'f6b807aa-5905-4435-aec6-324355a0483f', '3e74edee-f076-45b3-8247-a5dd19cb24b2', '9167d0da-69ec-40a5-b7f8-5eab25833d70');
INSERT INTO public.directed_edge (id, description, type, pattern_language_id, source_id, target_id) VALUES ('5ed7a426-8406-4d86-a1a3-4cf70c59a5d3', 'null', 'isRelatedTo', 'f6b807aa-5905-4435-aec6-324355a0483f', '3e74edee-f076-45b3-8247-a5dd19cb24b2', '02fc1261-b7d6-4d85-89ef-c987ab92f3d4');
INSERT INTO public.directed_edge (id, description, type, pattern_language_id, source_id, target_id) VALUES ('4ddb8cbf-b101-4f8f-81e5-66b53786e126', 'null', 'isRelatedTo', 'f6b807aa-5905-4435-aec6-324355a0483f', '3e74edee-f076-45b3-8247-a5dd19cb24b2', 'ea7c0692-6545-40e3-8cf8-f4c828c5fce8');
INSERT INTO public.directed_edge (id, description, type, pattern_language_id, source_id, target_id) VALUES ('8abd94ed-0921-47ca-9fc5-f03573644e7e', 'null', 'isRelatedTo', 'f6b807aa-5905-4435-aec6-324355a0483f', '78185c7d-f353-49ee-b1e2-c2a0bcfc4ed2', '3e74edee-f076-45b3-8247-a5dd19cb24b2');
INSERT INTO public.directed_edge (id, description, type, pattern_language_id, source_id, target_id) VALUES ('66e432a1-ef36-4bd3-a195-712c54055c47', 'null', 'isRelatedTo', 'f6b807aa-5905-4435-aec6-324355a0483f', '78185c7d-f353-49ee-b1e2-c2a0bcfc4ed2', 'c34d4c11-da4f-445d-8682-1c92dcfbb6be');
INSERT INTO public.directed_edge (id, description, type, pattern_language_id, source_id, target_id) VALUES ('120e156c-a355-4b8d-8655-d38b92437764', 'null', 'isRelatedTo', 'f6b807aa-5905-4435-aec6-324355a0483f', '78185c7d-f353-49ee-b1e2-c2a0bcfc4ed2', '0ee54310-5f4d-4435-9c34-cf93f742e101');
INSERT INTO public.directed_edge (id, description, type, pattern_language_id, source_id, target_id) VALUES ('a891b852-9f13-4ac1-8d95-01b6b43e5350', 'null', 'isRelatedTo', 'f6b807aa-5905-4435-aec6-324355a0483f', '78185c7d-f353-49ee-b1e2-c2a0bcfc4ed2', 'a7e45f3a-e408-4593-9aba-0a724c5ebf26');
INSERT INTO public.directed_edge (id, description, type, pattern_language_id, source_id, target_id) VALUES ('567cc248-6cc2-4dca-afc2-da44c9e6520f', 'null', 'isRelatedTo', 'f6b807aa-5905-4435-aec6-324355a0483f', '96ec8c86-c024-4d03-a283-49375e43e086', 'ca07715c-696e-4a62-af10-74145ff818f5');
INSERT INTO public.directed_edge (id, description, type, pattern_language_id, source_id, target_id) VALUES ('7d35085e-e9d5-4551-b5bb-39d85ff867d0', 'null', 'isRelatedTo', 'f6b807aa-5905-4435-aec6-324355a0483f', '96ec8c86-c024-4d03-a283-49375e43e086', 'f3afc386-7c81-41d1-9b94-a06a49deb965');
INSERT INTO public.directed_edge (id, description, type, pattern_language_id, source_id, target_id) VALUES ('c8cbebc0-5251-4a19-9bbd-90242d3456d5', 'null', 'isRelatedTo', 'f6b807aa-5905-4435-aec6-324355a0483f', '96ec8c86-c024-4d03-a283-49375e43e086', 'c34d4c11-da4f-445d-8682-1c92dcfbb6be');
INSERT INTO public.directed_edge (id, description, type, pattern_language_id, source_id, target_id) VALUES ('5282fbe9-dcd3-4817-b644-8419e0a36579', 'null', 'isRelatedTo', 'f6b807aa-5905-4435-aec6-324355a0483f', '96ec8c86-c024-4d03-a283-49375e43e086', 'a7e45f3a-e408-4593-9aba-0a724c5ebf26');
INSERT INTO public.directed_edge (id, description, type, pattern_language_id, source_id, target_id) VALUES ('8d36e9ce-0fca-4265-b575-a2990d7a8c65', 'null', 'isRelatedTo', 'f6b807aa-5905-4435-aec6-324355a0483f', '96ec8c86-c024-4d03-a283-49375e43e086', '3b3a9b48-63aa-4523-be3a-6a39fdf4bda7');
INSERT INTO public.directed_edge (id, description, type, pattern_language_id, source_id, target_id) VALUES ('ef28111d-54b6-4db7-95a6-b18c5c6e6b34', 'null', 'isRelatedTo', 'f6b807aa-5905-4435-aec6-324355a0483f', '96ec8c86-c024-4d03-a283-49375e43e086', '28343b10-ce82-4c1f-aef2-f7d95316b48e');
INSERT INTO public.directed_edge (id, description, type, pattern_language_id, source_id, target_id) VALUES ('6369cab9-e042-44e5-80ad-e47f864010bc', 'null', 'isRelatedTo', 'f6b807aa-5905-4435-aec6-324355a0483f', '96ec8c86-c024-4d03-a283-49375e43e086', 'a2b0eaca-aa24-4036-b730-265a97043b75');
INSERT INTO public.directed_edge (id, description, type, pattern_language_id, source_id, target_id) VALUES ('6e469e63-e595-4088-be37-34a2d09324cf', 'null', 'isRelatedTo', 'f6b807aa-5905-4435-aec6-324355a0483f', 'b5c458ea-3a4e-4211-afc9-82510c2cff46', '98ccd4dc-86a8-4652-b2c1-5b83b6f078e1');
INSERT INTO public.directed_edge (id, description, type, pattern_language_id, source_id, target_id) VALUES ('1f6b0aa7-5266-40fd-8ba6-da940a1a05a4', 'null', 'isRelatedTo', 'f6b807aa-5905-4435-aec6-324355a0483f', 'b5c458ea-3a4e-4211-afc9-82510c2cff46', '9fee292c-8c59-4a99-a3c2-467717a22c70');
INSERT INTO public.directed_edge (id, description, type, pattern_language_id, source_id, target_id) VALUES ('29342815-7d4f-4550-a051-821957b80ce4', 'null', 'isRelatedTo', 'f6b807aa-5905-4435-aec6-324355a0483f', 'b5c458ea-3a4e-4211-afc9-82510c2cff46', '29f4224d-6b91-4218-aed6-0db3e5fa9dc2');
INSERT INTO public.directed_edge (id, description, type, pattern_language_id, source_id, target_id) VALUES ('7b4036d2-84ad-42ef-9ec8-ed6ba563c39f', 'null', 'isRelatedTo', 'f6b807aa-5905-4435-aec6-324355a0483f', 'b5c458ea-3a4e-4211-afc9-82510c2cff46', 'a7e45f3a-e408-4593-9aba-0a724c5ebf26');
INSERT INTO public.directed_edge (id, description, type, pattern_language_id, source_id, target_id) VALUES ('912ea9c5-db2a-49cb-a861-cf4cd7a1d61c', 'null', 'isRelatedTo', 'f6b807aa-5905-4435-aec6-324355a0483f', 'b5c458ea-3a4e-4211-afc9-82510c2cff46', 'adcaac7d-a028-4d33-9111-ef3e711637e7');
INSERT INTO public.directed_edge (id, description, type, pattern_language_id, source_id, target_id) VALUES ('818f313d-e913-41b3-a983-aa3b5fcf8102', 'null', 'isRelatedTo', 'f6b807aa-5905-4435-aec6-324355a0483f', 'b5c458ea-3a4e-4211-afc9-82510c2cff46', 'a2b0eaca-aa24-4036-b730-265a97043b75');
INSERT INTO public.directed_edge (id, description, type, pattern_language_id, source_id, target_id) VALUES ('09ae16e4-c810-4634-a61c-d343836cecbb', 'null', 'isRelatedTo', 'f6b807aa-5905-4435-aec6-324355a0483f', 'adcaac7d-a028-4d33-9111-ef3e711637e7', 'b5c458ea-3a4e-4211-afc9-82510c2cff46');
INSERT INTO public.directed_edge (id, description, type, pattern_language_id, source_id, target_id) VALUES ('3a5b7ba2-2956-4768-9f2e-69fd28548cd7', 'null', 'isRelatedTo', 'f6b807aa-5905-4435-aec6-324355a0483f', 'adcaac7d-a028-4d33-9111-ef3e711637e7', '9fee292c-8c59-4a99-a3c2-467717a22c70');
INSERT INTO public.directed_edge (id, description, type, pattern_language_id, source_id, target_id) VALUES ('c272cfb5-d1dd-4d8c-8aff-f420650f4a60', 'null', 'isRelatedTo', 'f6b807aa-5905-4435-aec6-324355a0483f', 'adcaac7d-a028-4d33-9111-ef3e711637e7', '3953e924-30f6-4561-8e02-e761b417c1d4');
INSERT INTO public.directed_edge (id, description, type, pattern_language_id, source_id, target_id) VALUES ('64c04a48-51b1-4d15-8b40-e72c2c66458b', 'null', 'isRelatedTo', 'f6b807aa-5905-4435-aec6-324355a0483f', 'adcaac7d-a028-4d33-9111-ef3e711637e7', 'a7e45f3a-e408-4593-9aba-0a724c5ebf26');
INSERT INTO public.directed_edge (id, description, type, pattern_language_id, source_id, target_id) VALUES ('a687544c-f44f-4174-9550-d0d179728e69', 'null', 'isRelatedTo', 'f6b807aa-5905-4435-aec6-324355a0483f', 'ccb661e2-6c0d-4020-9eb2-abd290230b5b', '98ccd4dc-86a8-4652-b2c1-5b83b6f078e1');
INSERT INTO public.directed_edge (id, description, type, pattern_language_id, source_id, target_id) VALUES ('d0578489-5fd7-46b8-bee4-b8cc0f53690f', 'null', 'isRelatedTo', 'f6b807aa-5905-4435-aec6-324355a0483f', 'ccb661e2-6c0d-4020-9eb2-abd290230b5b', 'b5c458ea-3a4e-4211-afc9-82510c2cff46');
INSERT INTO public.directed_edge (id, description, type, pattern_language_id, source_id, target_id) VALUES ('b0bba87c-261c-4122-9d29-34bb1fe7cac8', 'null', 'isRelatedTo', 'f6b807aa-5905-4435-aec6-324355a0483f', 'ccb661e2-6c0d-4020-9eb2-abd290230b5b', '19c5ed05-1a24-4971-9aac-390e1931f010');
INSERT INTO public.directed_edge (id, description, type, pattern_language_id, source_id, target_id) VALUES ('ff346136-a2ad-42c4-bdd5-eae27baff659', 'null', 'isRelatedTo', 'f6b807aa-5905-4435-aec6-324355a0483f', 'ccb661e2-6c0d-4020-9eb2-abd290230b5b', 'cf3a2b5f-9d7a-4f2c-ba39-ab2911d3a7d7');
INSERT INTO public.directed_edge (id, description, type, pattern_language_id, source_id, target_id) VALUES ('4e16bd83-a1ee-45be-811e-9bdefe9a95e7', 'null', 'isRelatedTo', 'f6b807aa-5905-4435-aec6-324355a0483f', 'ccb661e2-6c0d-4020-9eb2-abd290230b5b', '9bafcace-20a3-4726-963b-06d09437c677');
INSERT INTO public.directed_edge (id, description, type, pattern_language_id, source_id, target_id) VALUES ('04345c00-198a-4496-ae0c-a35a734042b9', 'null', 'isRelatedTo', 'f6b807aa-5905-4435-aec6-324355a0483f', 'ccb661e2-6c0d-4020-9eb2-abd290230b5b', '9167d0da-69ec-40a5-b7f8-5eab25833d70');
INSERT INTO public.directed_edge (id, description, type, pattern_language_id, source_id, target_id) VALUES ('3ce9b308-6bf8-44f0-9e82-b52a74b596bd', 'null', 'isRelatedTo', 'f6b807aa-5905-4435-aec6-324355a0483f', 'ccb661e2-6c0d-4020-9eb2-abd290230b5b', '28343b10-ce82-4c1f-aef2-f7d95316b48e');
