INSERT INTO public.pattern_language (id, name, uri, graph, logo, creative_commons_reference) VALUES ('54ebf6d5-e9df-44c6-ae31-f84e9bfb2d9f', 'Cloud Computing Patterns', 'https://patternpedia.org/patternLanguages/cloudComputingPatterns', null, 'https://www.cloudcomputingpatterns.org/img/book.png', 'http://www.cloudcomputingpatterns.org.');
INSERT INTO public.pattern_schema (pattern_language_id) VALUES ('54ebf6d5-e9df-44c6-ae31-f84e9bfb2d9f');
INSERT INTO public.pattern_section_schema (id, label, name, position, type, pattern_schema_pattern_language_id) VALUES ('52d83912-c6d9-4169-938f-b623407f22af', 'Solution Sketch', 'Solution Sketch', 5, 'any', '54ebf6d5-e9df-44c6-ae31-f84e9bfb2d9f');

INSERT INTO public.pattern (id, name, uri, content, icon_url, pattern_language_id) VALUES ('52d83912-c6d9-4169-938f-b625d07f22af', 'Infrastructure as a Service (IaaS)', 'https://patternpedia.org/patternLanguages/cloudComputingPatterns/infrastructureAsAService(iaas)', '{"Icon": "![](http://www.cloudcomputingpatterns.org/icons/infrastructure_as_a_service_icon.png)", "Intend": "Providers share physical and virtual hardware IT resources between customers to enable self-service, rapid elasticity, and pay-per-use pricing.", "Context": "In the scope of [Periodic Workloads](/patternlanguages/https%25253A%25252F%25252Fpatternpedia.org%25252FpatternLanguages%25252FcloudComputingPatterns/https%25253A%25252F%25252Fpatternpedia.org%25252FpatternLanguages%25252FcloudComputingPatterns%25252FperiodicWorkload) with reoccurring peaks and the special case of [Once-in-a-lifetime Workloads](/patternlanguages/https%25253A%25252F%25252Fpatternpedia.org%25252FpatternLanguages%25252FcloudComputingPatterns/https%25253A%25252F%25252Fpatternpedia.org%25252FpatternLanguages%25252FcloudComputingPatterns%25252Fonce-in-a-lifetimeWorkload) with one dramatic increase in workload, IT resources have to be provisioned flexibly.", "Solution": "A provider offers physical and virtual hardware, such as servers, storage and networking infrastructure that can be provisioned and decommissioned quickly through a self-service interface.", "Solution Sketch": "![](http://www.cloudcomputingpatterns.org/sketches/infrastructure_as_a_service_sketch.png)", "Driving Question": "How can different customers share a physical hosting environment so that it can be used on-demand with a pay-per-use pricing model?"}', 'http://www.cloudcomputingpatterns.org/icons/infrastructure_as_a_service_icon.png', '54ebf6d5-e9df-44c6-ae31-f84e9bfb2d9f');
INSERT INTO public.pattern (id, name, uri, content, icon_url, pattern_language_id) VALUES ('4ba93991-17fc-4e73-b734-2492a6c3f7a5', 'Exactly-once Delivery', 'https://patternpedia.org/patternLanguages/cloudComputingPatterns/exactly-onceDelivery', '{"Icon": "![](http://www.cloudcomputingpatterns.org/icons/exactly_once_delivery_icon.png)", "Intend": "For many critical systems duplicate messages are inacceptable. The messaging system ensures that each message is delivered exactly once by filtering possible message duplicates automatically.", "Context": "Message duplicity is a very critical design issue for Distributed Applications and or application components that exchange messages via a Message-oriented Middleware.", "Solution": "Upon creation, each message is associated with a unique message identifier. This identifier is used to filter message duplicates during their traversal from sender to receiver.", "Solution Sketch": "![](http://www.cloudcomputingpatterns.org/sketches/exactly_once_delivery_sketch.png)", "Driving Question": "How can it be assured that a message is delivered only exactly once to a receiver?"}', 'http://www.cloudcomputingpatterns.org/icons/exactly_once_delivery_icon.png', '54ebf6d5-e9df-44c6-ae31-f84e9bfb2d9f');
INSERT INTO public.pattern (id, name, uri, content, icon_url, pattern_language_id) VALUES ('aa29bb96-a665-4b27-b7b9-e057d5a59b62', 'Execution Environment', 'https://patternpedia.org/patternLanguages/cloudComputingPatterns/executionEnvironment', '{"Icon": "![](http://www.cloudcomputingpatterns.org/icons/execution_environment_icon.png)", "Intend": "To avoid duplicate implementation of functionality, application components are deployed to a hosting environment providing middleware services as well as often used functionality.", "Context": "Applications often use similar functions, for example, to access networking interfaces, display user interfaces, access storage of the server etc. In this case, each application implements similar components that could be shared with other applications. Sharing such common functionality between applications would also result in a better utilization of the environment.", "Solution": "Common functionality is summarized in an Execution Environment providing functionality in platform libraries to be used in custom application implementations and in the form of the middleware. The environment, thus, executes custom application components and provides common functionality for data storages, communication etc.", "Solution Sketch": "![](http://www.cloudcomputingpatterns.org/sketches/execution_environment_sketch.png)", "Driving Question": "How can multiple application components share a hosting environment efficiently?"}', 'http://www.cloudcomputingpatterns.org/icons/execution_environment_icon.png', '54ebf6d5-e9df-44c6-ae31-f84e9bfb2d9f');
INSERT INTO public.pattern (id, name, uri, content, icon_url, pattern_language_id) VALUES ('d01320e7-0ede-4cca-ae0d-b0b432757b72', 'At-least-once Delivery', 'https://patternpedia.org/patternLanguages/cloudComputingPatterns/at-least-onceDelivery', '{"Icon": "![](http://www.cloudcomputingpatterns.org/icons/at_least_once_delivery_icon.png)", "Intend": "In case of failures that lead to message loss or take too long to recover from, messages are retransmitted to assure they are delivered at least once.", "Context": "Sometimes, message duplicity can be coped with by the application using a Message-oriented Middleware. Therefore, for scenarios where message duplicates are uncritical, it shall still be ensured that messages are received.", "Solution": "For each message retrieved by a receiver an acknowledgement is sent back to the message sender. In case this acknowledgement is not received after a certain time frame, the message is resend.", "Solution Sketch": "![](http://www.cloudcomputingpatterns.org/sketches/at_least_once_delivery_sketch.png)", "Driving Question": "How can communication partners or a Message-oriented Middleware ensure that messages are received successfully?"}', 'http://www.cloudcomputingpatterns.org/icons/at_least_once_delivery_icon.png', '54ebf6d5-e9df-44c6-ae31-f84e9bfb2d9f');
INSERT INTO public.pattern (id, name, uri, content, icon_url, pattern_language_id) VALUES ('49d49983-4b69-4826-8125-85363667bdc4', 'Transaction-based Delivery', 'https://patternpedia.org/patternLanguages/cloudComputingPatterns/transaction-basedDelivery', '{"Icon": "![](http://www.cloudcomputingpatterns.org/icons/transaction_based_delivery_icon.png)", "Intend": "Clients retrieve messages under a transactional context to ensure that messages are received by a handling component.", "Context": "While a Message-oriented Middleware can control traversing messages, it may be necessary to assure that messages are actually received successfully from a message queue by the client.", "Solution": "The Message-oriented Middleware and the client reading a message from a queue participate in a transaction. All operations involved in the reception of a message are, therefore, performed under one transactional context guaranteeing ACID behavior.", "Solution Sketch": "![](http://www.cloudcomputingpatterns.org/sketches/transaction_based_delivery_sketch.png)", "Driving Question": "How can it be ensured that messages are only deleted from a message queue if they have been received successfully?"}', 'http://www.cloudcomputingpatterns.org/icons/transaction_based_delivery_icon.png', '54ebf6d5-e9df-44c6-ae31-f84e9bfb2d9f');
INSERT INTO public.pattern (id, name, uri, content, icon_url, pattern_language_id) VALUES ('02850d67-27d5-45b0-847b-2385a1ad0f6e', 'Static Workload', 'https://patternpedia.org/patternLanguages/cloudComputingPatterns/staticWorkload', '{"Icon": "![](http://www.cloudcomputingpatterns.org/icons/static_workload_icon.png)", "Intend": "IT resources with an equal utilization over time experience Static Workload.", "Context": "Static Workloads are characterized by a more-or-less flat utilization profile over time within certain boundaries.", "Solution": "An application experiencing Static Workload is less likely to benefit from an elastic cloud that offers a pay-per-use billing, because the number of required resources is constant.", "Solution Sketch": "![](http://www.cloudcomputingpatterns.org/sketches/static_workload_sketch.png)", "Driving Question": "How can an equal utilization be characterized and how can applications experiencing this workload benefit from cloud computing?"}', 'http://www.cloudcomputingpatterns.org/icons/static_workload_icon.png', '54ebf6d5-e9df-44c6-ae31-f84e9bfb2d9f');
INSERT INTO public.pattern (id, name, uri, content, icon_url, pattern_language_id) VALUES ('a3dcd4bb-08e1-47a0-9a0c-04340e2312ff', 'Environment-based Availability', 'https://patternpedia.org/patternLanguages/cloudComputingPatterns/environment-basedAvailability', '{"Icon": "![](http://www.cloudcomputingpatterns.org/icons/environment_based_availability_icon.png)", "Intend": "A cloud provider guarantees the availability of the environment hosting individual nodes, such as virtual servers or hosted application components.", "Context": "A cloud provider offers an Elastic Infrastructure or an Elastic Platform on which customers may deploy application components. The availability of this environment has to be expressed so that customers may match their requirements.", "Solution": "The provider assures availability for the provided environment, thus, for the availability of the Elastic Platform or the Elastic Infrastructure as a whole, for example, the availability for at-least-once provisioned component or virtual server and the availability to provision replacements in case of failures is assured. There is no notion of availability for individual application components or virtual servers deployed in this environment.", "Solution Sketch": "![](http://www.cloudcomputingpatterns.org/sketches/environment_based_availability_sketch.png)", "Driving Question": "How can providers express availability in an environmental-centric fashion, so that customers may estimate the availability of hosted applications?"}', 'http://www.cloudcomputingpatterns.org/icons/environment_based_availability_icon.png', '54ebf6d5-e9df-44c6-ae31-f84e9bfb2d9f');
INSERT INTO public.pattern (id, name, uri, content, icon_url, pattern_language_id) VALUES ('5930dae0-4910-4903-a92d-0b1ba3643b78', 'Hypervisor', 'https://patternpedia.org/patternLanguages/cloudComputingPatterns/hypervisor', '{"Icon": "![](http://www.cloudcomputingpatterns.org/icons/hypervisor_icon.png)", "Intend": "To enable the elasticity of clouds, the time required to provision and decommission servers is reduced through hardware virtualization.", "Context": "If multiple applications are deployed on a physical server they may have to consider the other applications in their configuration. For example, if applications require the same network ports, access the same directories in the local file system etc. This sharing of common underlying physical hardware between different applications shall be simplified while also reducing dependencies of the application on the physical server.", "Solution": "A Hypervisor abstracts the hardware of a shared physical server into virtualized hardware. On this virtual hardware, different operating systems and middleware are installed to host applications sharing the physical server while being isolated from each other regarding the use of physical hardware, such as central processing units (CPU), memory, disk storage, and networking.", "Solution Sketch": "![](http://www.cloudcomputingpatterns.org/sketches/hypervisor_sketch.png)", "Driving Question": "How can virtual hardware that has been abstracted from physical hardware be used in applications?"}', 'http://www.cloudcomputingpatterns.org/icons/hypervisor_icon.png', '54ebf6d5-e9df-44c6-ae31-f84e9bfb2d9f');
INSERT INTO public.pattern (id, name, uri, content, icon_url, pattern_language_id) VALUES ('13c85149-7c0a-4b59-b784-efb0a6128a06', 'Elastic Infrastructure', 'https://patternpedia.org/patternLanguages/cloudComputingPatterns/elasticInfrastructure', '{"Icon": "![](http://www.cloudcomputingpatterns.org/icons/elastic_infrastructure_icon.png)", "Intend": "Hosting of virtual servers, disk storage, and configuration of network connectivity is offered via a self-service interface over a network.", "Context": "An application experiences Periodic Workload, Once-in-a-lifetime Workload, Unpredictable Workload, or Continuously Changing Workload, the number of IT resources, such as servers, should be adjusted dynamically. In scope of the IaaS service model, the applications’ runtime infrastructure, thus, must support dynamic provisioning and decommissioning of virtual servers, disk storage and network connectivity.", "Solution": "An Elastic Infrastructure provides preconfigured virtual server images, storage and network connectivity that may be provisioned by customers using a self-service interface. Monitoring information is provided to inform about resource utilization required for traceable billing and automation of management tasks.", "Solution Sketch": "![](http://www.cloudcomputingpatterns.org/sketches/elastic_infrastructure_sketch.png)", "Driving Question": "How do Cloud Offerings providing infrastructure resources behave and how should they be used in applications?"}', 'http://www.cloudcomputingpatterns.org/icons/elastic_infrastructure_icon.png', '54ebf6d5-e9df-44c6-ae31-f84e9bfb2d9f');
INSERT INTO public.pattern (id, name, uri, content, icon_url, pattern_language_id) VALUES ('513075b2-b2ee-4406-9bb0-7c16e8c8ed18', 'Key-Value Storage', 'https://patternpedia.org/patternLanguages/cloudComputingPatterns/key-valueStorage', '{"Icon": "![](http://www.cloudcomputingpatterns.org/icons/key_value_storage_icon.png)", "Intend": "Semi-structured or unstructured data is stored with limited querying support but high-performance, availability, and flexibility.", "Context": "To ensure availability and performance, a data storage offering shall be distributed among different IT resources and locations. Furthermore, changes of requirements or the fact that customers share a storage offering and have different requirements, raises the demand for a flexible data structure. as data structure validation during queries requires high-performance connectivity between distributed resources storing the data elements.", "Solution": "Pairs of identifiers (key) and associated data (value) are stored. No database schema or only a very limited one are supported to enforce a data structure. The expressiveness of queries is reduced significantly in favor of scalability and configurability: semi-structured on unstructured data can be scaled out among many IT resources without the need to access many of them for the evaluation of expressive queries.", "Solution Sketch": "![](http://www.cloudcomputingpatterns.org/sketches/key_value_storage_sketch.png)", "Driving Question": "How can key-value elements be stored to support scale out and an adjustable data structure?"}', 'http://www.cloudcomputingpatterns.org/icons/key_value_storage_icon.png', '54ebf6d5-e9df-44c6-ae31-f84e9bfb2d9f');
INSERT INTO public.pattern (id, name, uri, content, icon_url, pattern_language_id) VALUES ('84ba173c-577b-4f7c-8d81-7d038222f645', 'Hybrid Cloud', 'https://patternpedia.org/patternLanguages/cloudComputingPatterns/hybridCloud', '{"Icon": "![](http://www.cloudcomputingpatterns.org/icons/hybrid_cloud_icon.png)", "Intend": "Different clouds and static data centers are integrated to form a homogeneous hosting environment.", "Context": "A company is likely to use a large set of applications to support its business, which have versatile requirements making different Cloud Deployment Models suitable to host them.", "Solution": "[Private Clouds](/patternlanguages/https%25253A%25252F%25252Fpatternpedia.org%25252FpatternLanguages%25252FcloudComputingPatterns/https%25253A%25252F%25252Fpatternpedia.org%25252FpatternLanguages%25252FcloudComputingPatterns%25252FprivateCloud), [Public Clouds](/patternlanguages/https%25253A%25252F%25252Fpatternpedia.org%25252FpatternLanguages%25252FcloudComputingPatterns/https%25253A%25252F%25252Fpatternpedia.org%25252FpatternLanguages%25252FcloudComputingPatterns%25252FpublicCloud), [Community Clouds](/patternlanguages/https%25253A%25252F%25252Fpatternpedia.org%25252FpatternLanguages%25252FcloudComputingPatterns/https%25253A%25252F%25252Fpatternpedia.org%25252FpatternLanguages%25252FcloudComputingPatterns%25252FcommunityCloud), and static data centers are integrated to deployed applications to the hosting environment best suited for their requirements while interconnection of these environments.", "Solution Sketch": "![](http://www.cloudcomputingpatterns.org/sketches/hybrid_cloud_sketch.png)", "Driving Question": "How can the cloud properties – on demand self-service, broad network access, pay-per-use, resource pooling, and rapid elasticity – be provided across clouds and other environments?"}', 'http://www.cloudcomputingpatterns.org/icons/hybrid_cloud_icon.png', '54ebf6d5-e9df-44c6-ae31-f84e9bfb2d9f');
INSERT INTO public.pattern (id, name, uri, content, icon_url, pattern_language_id) VALUES ('4e42c930-b8b3-4a13-8d2b-e5cfedebb75a', 'Relational Database', 'https://patternpedia.org/patternLanguages/cloudComputingPatterns/relationalDatabase', '{"Icon": "![](http://www.cloudcomputingpatterns.org/icons/relational_database_icon.png)", "Intend": "Data is structured according to a schema that is enforced during data manipulation and enables expressive queries of handled data.", "Context": "Handled data is often comprised of large numbers of similar data elements. These data elements have certain dependencies among each other. If such structured data is queried, clients make certain assumptions about the data structure and the consistency of relations between the retrieved data elements.", "Solution": "Data elements are stored in tables where each column represents an attribute of a data element. Table columns may have dependencies in the way that entries in one table column must also be present in a corresponding column of a different table. These dependencies are enforced during data manipulations.", "Solution Sketch": "![](http://www.cloudcomputingpatterns.org/sketches/relational_database_sketch.png)", "Driving Question": "How can data elements be stored so that relations between them can be expressed and expressive queries are enabled to retrieve required information effectively?"}', 'http://www.cloudcomputingpatterns.org/icons/relational_database_icon.png', '54ebf6d5-e9df-44c6-ae31-f84e9bfb2d9f');
INSERT INTO public.pattern (id, name, uri, content, icon_url, pattern_language_id) VALUES ('63de095c-653d-4946-b45e-fa5c42dca797', 'Virtual Networking', 'https://patternpedia.org/patternLanguages/cloudComputingPatterns/virtualNetworking', '{"Icon": "![](http://www.cloudcomputingpatterns.org/icons/virtual_networking_icon.png)", "Intend": "Networking resources are virtualized to empower customers to configure networks, firewalls, and remote access using a self-service interface.", "Context": "Application components deployed on Elastic Infrastructures and Elastic Platforms rely on physical network hardware to communicate with each other and the outside world. On this networking layer, different customers shall be isolated from each.", "Solution": "Physical networking resources, such as networking interface cards, switches, routers etc. are abstracted to virtualized ones. These Virtual Networking resources may share the same physical networking resources. Configuration is handled by customers through self-service interfaces.", "Solution Sketch": "![](http://www.cloudcomputingpatterns.org/sketches/virtual_networking_sketch.png)", "Driving Question": "How can network connectivity between IT resources hosted in a cloud be configured dynamically and on-demand?"}', 'http://www.cloudcomputingpatterns.org/icons/virtual_networking_icon.png', '54ebf6d5-e9df-44c6-ae31-f84e9bfb2d9f');
INSERT INTO public.pattern (id, name, uri, content, icon_url, pattern_language_id) VALUES ('cc10b7b1-5dce-454f-9356-fe62112a60ba', 'Blob Storage', 'https://patternpedia.org/patternLanguages/cloudComputingPatterns/blobStorage', '{"Icon": "![](http://www.cloudcomputingpatterns.org/icons/blob_storage_icon.png)", "Intend": "Data is provided in form of large files that are made available in a file system-like fashion by Storage Offerings that provides elasticity.", "Context": "Distributed cloud applications often need to handle large data elements, also referred to as binary large objects (blob). Examples are virtual server images managed in an Elastic Infrastructure, pictures, or videos.", "Solution": "Data elements are organized in a folder hierarchy similar to a local file system. Each data element is given a unique identifier comprised of its location in the folder hierarchy and a file name. This unique identifier is passed to the storage offerings to retrieve a file over a network.", "Solution Sketch": "![](http://www.cloudcomputingpatterns.org/sketches/blob_storage_sketch.png)", "Driving Question": "How can large files be stored, organized and made available over a network?"}', 'http://www.cloudcomputingpatterns.org/icons/blob_storage_icon.png', '54ebf6d5-e9df-44c6-ae31-f84e9bfb2d9f');
INSERT INTO public.pattern (id, name, uri, content, icon_url, pattern_language_id) VALUES ('e2abc560-342b-4521-bdaa-0804b71796cb', 'Private Cloud', 'https://patternpedia.org/patternLanguages/cloudComputingPatterns/privateCloud', '{"Icon": "![](http://www.cloudcomputingpatterns.org/icons/private_cloud_icon.png)", "Intend": "IT resources are provided as a service exclusively to one customer in order to meet high requirements on privacy, security, and trust while enabling elastic use of a static resource pool as good as possible.", "Context": "Many factors, such as legal limitations, trust, and security regulations, motivate dedicated, company-internal hosting environments only accessible by employees and applications of a single company.", "Solution": "Cloud computing properties are enabled in a company-internal data center. Alternatively, the Private Cloud may be hosted exclusively in the data center of an external provider, then referred to as outsourced Private Cloud. Sometimes, [Public Cloud](/patternlanguages/https%25253A%25252F%25252Fpatternpedia.org%25252FpatternLanguages%25252FcloudComputingPatterns/https%25253A%25252F%25252Fpatternpedia.org%25252FpatternLanguages%25252FcloudComputingPatterns%25252FpublicCloud) providers also offer means to create an isolated portion of their cloud made accessible to only one customer: a virtual Private Cloud.", "Solution Sketch": "![](http://www.cloudcomputingpatterns.org/sketches/private_cloud_sketch.png)", "Driving Question": "How can the cloud properties - on demand self-service, broad network access, pay-per-use, resource pooling, and rapid elasticity - be provided in environments with high privacy, security and trust requirements?"}', 'http://www.cloudcomputingpatterns.org/icons/private_cloud_icon.png', '54ebf6d5-e9df-44c6-ae31-f84e9bfb2d9f');
INSERT INTO public.pattern (id, name, uri, content, icon_url, pattern_language_id) VALUES ('aadf394b-bab3-4511-8a74-8a236ba37b4f', 'Public Cloud', 'https://patternpedia.org/patternLanguages/cloudComputingPatterns/publicCloud', '{"Icon": "![](http://www.cloudcomputingpatterns.org/icons/public_cloud_icon.png)", "Intend": "IT resources are provided as a service to a very large customer group in order to enable elastic use of a static resource pool.", "Context": "A provider offering IT resources according to [IaaS](/patternlanguages/https%25253A%25252F%25252Fpatternpedia.org%25252FpatternLanguages%25252FcloudComputingPatterns/https%25253A%25252F%25252Fpatternpedia.org%25252FpatternLanguages%25252FcloudComputingPatterns%25252FinfrastructureAsAService%28iaas%29), [PaaS](/patternlanguages/https%25253A%25252F%25252Fpatternpedia.org%25252FpatternLanguages%25252FcloudComputingPatterns/https%25253A%25252F%25252Fpatternpedia.org%25252FpatternLanguages%25252FcloudComputingPatterns%25252FplatformAsAService%28paas%29), or [SaaS](/patternlanguages/https%25253A%25252F%25252Fpatternpedia.org%25252FpatternLanguages%25252FcloudComputingPatterns/https%25253A%25252F%25252Fpatternpedia.org%25252FpatternLanguages%25252FcloudComputingPatterns%25252FsoftwareAsAService%28saas%29) has to maintain physical data centers. IT resources, nevertheless, shall be made accessible dynamically.", "Solution": "The hosting environment is shared between many customers possibly reducing the costs for an individual customer. Leveraging economies of scale enables a dynamic use of resources, because workload peaks of some customers occur during times of low workload of other customers.", "Solution Sketch": "![](http://www.cloudcomputingpatterns.org/sketches/public_cloud_sketch.png)", "Driving Question": "How can the cloud properties – on demand self-service, broad network access, pay-per-use, resource pooling, and rapid elasticity – be provided to a large customer group?"}', 'http://www.cloudcomputingpatterns.org/icons/public_cloud_icon.png', '54ebf6d5-e9df-44c6-ae31-f84e9bfb2d9f');
INSERT INTO public.pattern (id, name, uri, content, icon_url, pattern_language_id) VALUES ('e70f53cb-2b3d-493b-af58-64d404d1c5c3', 'Elastic Platform', 'https://patternpedia.org/patternLanguages/cloudComputingPatterns/elasticPlatform', '{"Icon": "![](http://www.cloudcomputingpatterns.org/icons/elastic_platform_icon.png)", "Intend": "Middleware for the execution of custom applications, their communication, and data storage is offered via a self-service interface over a network.", "Context": "One of the fundamental cloud properties is the sharing of resources among a large number of customers to leverage economy of scale. Extending resource sharing between customers to the operating systems and middleware increases the beneficial effects of economies of scale as the utilization of these resources can be increased.", "Solution": "Application components of different customers are hosted on shared middleware provided and maintained by the provider. Customers may deploy custom application components to this middleware using a self-service interface. This unification enables resource sharing and an automation of certain management tasks on the provider side, for example, provisioning of applications, update management.", "Solution Sketch": "![](http://www.cloudcomputingpatterns.org/sketches/elastic_platform_sketch.png)", "Driving Question": "How do Cloud Offerings providing Execution Environments behave and how should they be used in applications?"}', 'http://www.cloudcomputingpatterns.org/icons/elastic_platform_icon.png', '54ebf6d5-e9df-44c6-ae31-f84e9bfb2d9f');
INSERT INTO public.pattern (id, name, uri, content, icon_url, pattern_language_id) VALUES ('bdeb59ab-0e6c-4a5b-8cd5-1e7c38ce073e', 'Periodic Workload', 'https://patternpedia.org/patternLanguages/cloudComputingPatterns/periodicWorkload', '{"Icon": "![](http://www.cloudcomputingpatterns.org/icons/periodic_workload_icon.png)", "Intend": "IT resources with a peaking utilization at reoccurring time intervals experience periodic workload.", "Context": "In our real lives, periodic tasks and routines are very common. For example, monthly paychecks, monthly telephone bills, yearly car checkups, weekly status reports, or the daily use of public transport during rush hour, all these tasks and routines occur in well-defined intervals.", "Solution": "From a customer perspective the cost-saving potential in scope of Periodic Workload is to use a provider with a pay-per-use pricing model allowing the decommissioning of resources during non-peak times.", "Solution Sketch": "![](http://www.cloudcomputingpatterns.org/sketches/periodic_workload_sketch.png)", "Driving Question": "How can a periodically peaking utilization over time be characterized and how can applications experiencing this workload benefit from cloud computing?"}', 'http://www.cloudcomputingpatterns.org/icons/periodic_workload_icon.png', '54ebf6d5-e9df-44c6-ae31-f84e9bfb2d9f');
INSERT INTO public.pattern (id, name, uri, content, icon_url, pattern_language_id) VALUES ('fff9c453-2ed5-4354-a9f3-7ef43a52cdeb', 'Once-in-a-lifetime Workload', 'https://patternpedia.org/patternLanguages/cloudComputingPatterns/once-in-a-lifetimeWorkload', '{"Icon": "![](http://www.cloudcomputingpatterns.org/icons/once_in_a_lifetime_workload_icon.png)", "Intend": "IT resources with an equal utilization over time disturbed by a strong peak occurring only once experience Once-in-a-lifetime Workload.", "Context": "As a special case of [Periodic Workload](/patternlanguages/https%25253A%25252F%25252Fpatternpedia.org%25252FpatternLanguages%25252FcloudComputingPatterns/https%25253A%25252F%25252Fpatternpedia.org%25252FpatternLanguages%25252FcloudComputingPatterns%25252FperiodicWorkload), the peaks of periodic utilization can occur only once in a very long timeframe. Often, this peak is known in advance as it correlates to a certain event or task.", "Solution": "The elasticity of a cloud is used to obtain IT resources necessary. The provisioning and decommissioning of IT resources can often be realized as a manual task, because it is performed at a known point in time.", "Solution Sketch": "![](http://www.cloudcomputingpatterns.org/sketches/once_in_a_lifetime_workload_sketch.png)", "Driving Question": "How can equal utilization with a one-time peak be characterized and how can applications experiencing this workload benefit from cloud computing?"}', 'http://www.cloudcomputingpatterns.org/icons/once_in_a_lifetime_workload_icon.png', '54ebf6d5-e9df-44c6-ae31-f84e9bfb2d9f');
INSERT INTO public.pattern (id, name, uri, content, icon_url, pattern_language_id) VALUES ('6882a00f-56bd-4b4d-8972-3ff29dac0ab7', 'Map Reduce', 'https://patternpedia.org/patternLanguages/cloudComputingPatterns/mapReduce', '{"Icon": "![](http://www.cloudcomputingpatterns.org/icons/map_reduce_icon.png)", "Intend": "Large data sets to be processed are divided into smaller data chunks and distributed among processing application components. Individual results are later consolidated.", "Context": "Cloud applications often have to handle very large amounts of data, which have to be processed efficiently. As Distributed Applications are designed to scale out, data processing should be distributed among multiple application component instances in a similar means. Afterwards, results of these distributed components have to be consolidated.", "Solution": "A large data set to be processed is split up and mapped to multiple application components handling data processing. Data Processing Components simultaneously execute the query to be performed on the assigned data chunks. Afterwards, the individual results of all Processing Components are consolidated or reduced into one result data set. During this reduction, additional functions, such calculations of sums, average values etc. may be used.", "Solution Sketch": "![](http://www.cloudcomputingpatterns.org/sketches/map_reduce_sketch.png)", "Driving Question": "How can the performance of complex processing of large data sets be increased through scaling out?"}', 'http://www.cloudcomputingpatterns.org/icons/map_reduce_icon.png', '54ebf6d5-e9df-44c6-ae31-f84e9bfb2d9f');
INSERT INTO public.pattern (id, name, uri, content, icon_url, pattern_language_id) VALUES ('cfd7186c-78ec-4ec2-a2a7-244d952839cf', 'Platform as a Service (PaaS)', 'https://patternpedia.org/patternLanguages/cloudComputingPatterns/platformAsAService(paas)', '{"Icon": "![](http://www.cloudcomputingpatterns.org/icons/platform_as_a_service_icon.png)", "Intend": "Providers share IT resources providing an application hosting environment between customers to enable self-service, rapid elasticity, and pay-per-use pricing.", "Context": "If many customers require similar hosting environments for their applications, there are many redundant installations resulting in an inefficient use of the overall cloud.", "Solution": "A cloud provider offers managed operating systems and middleware. Management operations are handled by the provider, such as the elastic scaling and failure resiliency of hosted applications.", "Solution Sketch": "![](http://www.cloudcomputingpatterns.org/sketches/platform_as_a_service_sketch.png)", "Driving Question": "How can custom applications of the same customer or different customers share an execution environment so that it can be used on-demand with a pay-per-use pricing model?"}', 'http://www.cloudcomputingpatterns.org/icons/platform_as_a_service_icon.png', '54ebf6d5-e9df-44c6-ae31-f84e9bfb2d9f');
INSERT INTO public.pattern (id, name, uri, content, icon_url, pattern_language_id) VALUES ('64f9163d-84df-455b-99f7-ffa93b88b43b', 'Eventual Consistency', 'https://patternpedia.org/patternLanguages/cloudComputingPatterns/eventualConsistency', '{"Icon": "![](http://www.cloudcomputingpatterns.org/icons/eventual_consistency_icon.png)", "Intend": "If data is stored at different locations (replicas) to improve response time and avoid data loss in case of failures. Performance and the availability of data in case of network partitioning are enabled by ensuring data consistency eventually and not at all times.", "Context": "Using multiple replicas of data is vital to ensure resiliency of a storage offering towards resource failures. Keeping all these replicas in a consistent state, however, requires a significant overhead as multiple or all data replicas have to be accessed during read and write operations.", "Solution": "The consistency of data is relaxed. This reduces the number of replicas that have to be accessed during read and write operations. Data alterations are eventually transferred to all replicas by propagating them asynchronously over the connection network.", "Solution Sketch": "![](http://www.cloudcomputingpatterns.org/sketches/eventual_consistency_sketch.png)", "Driving Question": "How can data be distributed among replicas with focus on increased availability and performance, while being resilient towards connectivity problems?"}', 'http://www.cloudcomputingpatterns.org/icons/eventual_consistency_icon.png', '54ebf6d5-e9df-44c6-ae31-f84e9bfb2d9f');
INSERT INTO public.pattern (id, name, uri, content, icon_url, pattern_language_id) VALUES ('7e0b759e-47c5-4a08-b916-760d6985a8b9', 'Community Cloud', 'https://patternpedia.org/patternLanguages/cloudComputingPatterns/communityCloud', '{"Icon": "![](http://www.cloudcomputingpatterns.org/icons/community_cloud_icon.png)", "Intend": "IT resources are provided as a service to a group of customers trusting each other in order to enable collaborative elastic use of a static resource pool.", "Context": "Whenever companies collaborate, they commonly have to access shared applications and data to do business. While these companies trust each other due to established contracts etc., the handled data and application functionality may be very sensitive and critical to their business.", "Solution": "IT resources required by all collaborating partners are offered in a controlled environment accessible only by the community of companies that generally trust each other.", "Solution Sketch": "![](http://www.cloudcomputingpatterns.org/sketches/community_cloud_sketch.png)", "Driving Question": "How can the cloud properties – on demand self-service, broad network access, pay-per-use, resource pooling, and rapid elasticity – be provided to exclusively to a group of customers forming a community of trust?"}', 'http://www.cloudcomputingpatterns.org/icons/community_cloud_icon.png', '54ebf6d5-e9df-44c6-ae31-f84e9bfb2d9f');
INSERT INTO public.pattern (id, name, uri, content, icon_url, pattern_language_id) VALUES ('bb7e0642-5af9-4b49-9e36-8e8be04ab26c', 'Node-based Availability', 'https://patternpedia.org/patternLanguages/cloudComputingPatterns/node-basedAvailability', '{"Icon": "![](http://www.cloudcomputingpatterns.org/icons/node_based_availability_icon.png)", "Intend": "A cloud provider guarantees the availability of individual nodes, such as individual virtual servers, middleware components or hosted application components.", "Context": "A provider offers an Elastic Infrastructure or an Elastic Platform and needs a means to express the availability for the offerings from which the customer may then compute the availability of the hosted application. First, conditions are defined that have to be fulfilled by an available offering. Second, the timeframe needs to be expressed for which the provider assures this availability.", "Solution": "The provider assures availability for each hosted application component, which is defined to be available if it is reachable and performs its function as advertised, i.e., it provides correct results. This timeframe is often expressed as a percentage. An availability of 99.95%, thus, means that a hosted component will be available during 99.95% of the time it is hosted at the provider.", "Solution Sketch": "![](http://www.cloudcomputingpatterns.org/sketches/node_based_availability_sketch.png)", "Driving Question": "How can providers express availability in a node-centric fashion, so that customers may estimate the availability of hosted applications?"}', 'http://www.cloudcomputingpatterns.org/icons/node_based_availability_icon.png', '54ebf6d5-e9df-44c6-ae31-f84e9bfb2d9f');
INSERT INTO public.pattern (id, name, uri, content, icon_url, pattern_language_id) VALUES ('7462b515-fcd0-40c1-af9b-f3724962dfee', 'Timeout-based Delivery', 'https://patternpedia.org/patternLanguages/cloudComputingPatterns/timeout-basedDelivery', '{"Icon": "![](http://www.cloudcomputingpatterns.org/icons/timeout_based_delivery_icon.png)", "Intend": "Clients acknowledge message receptions to ensure that messages are received properly.", "Context": "In addition to ensuring that messages are not lost while they are traversing a Message-oriented Middleware it may, thus, also be required to assure that they are actually received by a client before they are deleted from a message queue.", "Solution": "To assure that a message is properly received, it is not deleted immediately after it has been read by a client, but is only marked as being invisible. In this state a message may not be read by another client. After a client has successfully read a message, it sends an acknowledgement to the message queue upon which reception the message is deleted.", "Solution Sketch": "![](http://www.cloudcomputingpatterns.org/sketches/timeout_based_delivery_sketch.png)", "Driving Question": "How can it be ensured that messages are only deleted from a message queue if they have been received successfully at least once?"}', 'http://www.cloudcomputingpatterns.org/icons/timeout_based_delivery_icon.png', '54ebf6d5-e9df-44c6-ae31-f84e9bfb2d9f');
INSERT INTO public.pattern (id, name, uri, content, icon_url, pattern_language_id) VALUES ('2ac98a08-7a62-47a3-862e-c1e2511d48d3', 'Block Storage', 'https://patternpedia.org/patternLanguages/cloudComputingPatterns/blockStorage', '{"Icon": "![](http://www.cloudcomputingpatterns.org/icons/block_storage_icon.png)", "Intend": "Centralized storage is integrated into servers as a local hard drive managed by the operating system to enable access to this storage via the local file system.", "Context": "Virtual and non-virtualized servers offered as Infrastructure as a Service (IaaS) can be managed significantly easier if they do not store any state information locally, i.e., on their (virtual) hard drives. This eases their provisioning, decommissioning, and failure handling.", "Solution": "Centralized storage is accessed by servers as if it was a local hard drive, also referred to as block device.", "Solution Sketch": "![](http://www.cloudcomputingpatterns.org/sketches/block_storage_sketch.png)", "Driving Question": "How can central storage be accessed as a local drive by servers and hosted applications?"}', 'http://www.cloudcomputingpatterns.org/icons/block_storage_icon.png', '54ebf6d5-e9df-44c6-ae31-f84e9bfb2d9f');
INSERT INTO public.pattern (id, name, uri, content, icon_url, pattern_language_id) VALUES ('5802a300-483f-4340-839e-d2d6cb6633ef', 'Software as a Service (SaaS)', 'https://patternpedia.org/patternLanguages/cloudComputingPatterns/softwareAsAService(saas)', '{"Icon": "![](http://www.cloudcomputingpatterns.org/icons/software_as_a_service_icon.png)", "Intend": "Providers share IT resources providing human-usable application software between customers to enable self-service, rapid elasticity, and pay-per-use pricing.", "Context": "Small and medium enterprises may not have the manpower and know-how to develop custom software applications. Other applications have become commodity and are used by many companies, for example, office suites, collaboration software, or communications software.", "Solution": "A provider offers a complete software application to customers who may use it on-demand via a self-service interface.", "Solution Sketch": "![](http://www.cloudcomputingpatterns.org/sketches/software_as_a_service_sketch.png)", "Driving Question": "How can customers share a provider-supplied software application so that it can be used on-demand with a pay-per-use pricing model?"}', 'http://www.cloudcomputingpatterns.org/icons/software_as_a_service_icon.png', '54ebf6d5-e9df-44c6-ae31-f84e9bfb2d9f');
INSERT INTO public.pattern (id, name, uri, content, icon_url, pattern_language_id) VALUES ('bb81053e-a0af-4046-8455-6b31ac09fd80', 'Strict Consistency', 'https://patternpedia.org/patternLanguages/cloudComputingPatterns/strictConsistency', '{"Icon": "![](http://www.cloudcomputingpatterns.org/icons/strict_consistency_icon.png)", "Intend": "Data is stored at different locations (replicas) to improve response time and to avoid data loss in case of failures while consistency of replicas is ensured at all times.", "Context": "To ensure failure tolerance, a storage offering duplicates data among multiple replicas. These replicas store the same set of data, so in case any of these replicas is lost, data may still be obtained and recovered from the other replicas.", "Solution": "Data is duplicated among several replicas to increase availability. A subset of data replicas is accessed by read and write operations. The ratio of the number of replicas accessed during read (r) and write (w) operations guarantees consistency: n < r + w", "Solution Sketch": "![](http://www.cloudcomputingpatterns.org/sketches/strict_consistency_sketch.png)", "Driving Question": "How can data be distributed among replicas to increase availability, while ensuring data consistency at all times?"}', 'http://www.cloudcomputingpatterns.org/icons/strict_consistency_icon.png', '54ebf6d5-e9df-44c6-ae31-f84e9bfb2d9f');
INSERT INTO public.pattern (id, name, uri, content, icon_url, pattern_language_id) VALUES ('15367d15-12e2-495c-8311-2dadbf4da398', 'Unpredictable Workload', 'https://patternpedia.org/patternLanguages/cloudComputingPatterns/unpredictableWorkload', '{"Icon": "![](https://www.cloudcomputingpatterns.org/icons/unpredictable_workload_icon.png)", "Intend": "IT resources with a random and unforeseeable utilization over time experience unpredictable workload.", "Context": "Random workloads are a generalization of [Periodic Workloads](/patternlanguages/https%25253A%25252F%25252Fpatternpedia.org%25252FpatternLanguages%25252FcloudComputingPatterns/https%25253A%25252F%25252Fpatternpedia.org%25252FpatternLanguages%25252FcloudComputingPatterns%25252FperiodicWorkload) as they require elasticity but are not predictable. Such workloads occur quite often in the real world.", "Solution": "Unplanned provisioning and decommissioning of IT resources is required. The necessary provisioning and decommissioning of IT resources is, therefore, automated to align the resource numbers to changing workload.", "Solution Sketch": "![](http://www.cloudcomputingpatterns.org/sketches/unpredictable_workload_sketch.png)", "Driving Question": "How can random and unforeseeable utilization be characterized and how can applications experiencing this workload benefit from cloud computing?"}', 'https://www.cloudcomputingpatterns.org/icons/unpredictable_workload_icon.png', '54ebf6d5-e9df-44c6-ae31-f84e9bfb2d9f');
INSERT INTO public.pattern (id, name, uri, content, icon_url, pattern_language_id) VALUES ('e5f8faa2-5d40-4d36-8f76-4fcaee493bb2', 'Message-oriented Middleware', 'https://patternpedia.org/patternLanguages/cloudComputingPatterns/message-orientedMiddleware', '{"Icon": "![](http://www.cloudcomputingpatterns.org/icons/message_oriented_middleware_icon.png)", "Intend": "Asynchronous message-based communication is provided while hiding complexity resulting from addressing, routing, or data formats from communication partners to make interaction robust and flexible.", "Context": "The application components of a Distributed Application are hosted on multiple cloud resources and have to exchange information with each other. Often, the integration with other cloud applications and non-cloud applications is also required.", "Solution": "Communication partners exchange information asynchronously using messages. The message-oriented middleware handles the complexity of addressing, availability of communication partners and message format transformation.", "Solution Sketch": "![](http://www.cloudcomputingpatterns.org/sketches/message_oriented_middleware_sketch.png)", "Driving Question": "How can communication partners exchange information asynchronously with a communication partner?"}', 'http://www.cloudcomputingpatterns.org/icons/message_oriented_middleware_icon.png', '54ebf6d5-e9df-44c6-ae31-f84e9bfb2d9f');
INSERT INTO public.pattern (id, name, uri, content, icon_url, pattern_language_id) VALUES ('c56e0cb7-d5ed-4168-9b28-850c83b91b84', 'Continuously Changing Workload', 'https://patternpedia.org/patternLanguages/cloudComputingPatterns/continuouslyChangingWorkload', '{"Icon": "![](http://www.cloudcomputingpatterns.org/icons/continuously_changing_workload_icon.png)", "Intend": "IT resources with a utilization that grows or shrinks constantly over time experience Continuously Changing Workload.", "Context": "Many applications experience a long term change in workload.", "Solution": "Continuously Changing Workload is characterized by an ongoing continuous growth or decline of the utilization. Elasticity of clouds enables applications experiencing Continuously Changing Workload to provision or decommission resources with the same rate as the workload changes.", "Solution Sketch": "![](http://www.cloudcomputingpatterns.org/sketches/continuously_changing_workload_sketch.png)", "Driving Question": "How can a continuous growth or decline in utilization be characterized and how can applications experiencing this workload benefit from cloud computing?"}', 'http://www.cloudcomputingpatterns.org/icons/continuously_changing_workload_icon.png', '54ebf6d5-e9df-44c6-ae31-f84e9bfb2d9f');
INSERT INTO public.pattern (id, name, uri, content, icon_url, pattern_language_id) VALUES ('6a51788b-e70b-459e-8bec-b5d4f6d0ef0a', 'Loose Coupling', 'https://patternpedia.org/patternLanguages/cloudComputingPatterns/looseCoupling', '{"Icon": "![](https://www.cloudcomputingpatterns.org/icons/loose_coupling_icon.png)", "Intend": "A communication intermediary separates application functionality from concerns of communication partners regarding their location, implementation platform, the time of communication, and the used data format.", "Context": "Information exchange between applications and their individual components as well as associated management tasks, such as scaling, failure handling, or update management can be simplified significantly if application components can be treated individually and the dependencies among them are kept to a minimum.", "Solution": "Communicating components and multiple integrated applications are decoupled from each other by interacting through a broker. This broker encapsulates the assumptions that communication partners would otherwise have to make about one other and, thus, ensures separation of concerns.", "Solution Sketch": "![](https://www.cloudcomputingpatterns.org/sketches/loose_coupling_sketch.png)", "Driving Question": "How can dependencies between Distributed Applications and between individual components of these applications be reduced?"}', 'https://www.cloudcomputingpatterns.org/icons/loose_coupling_icon.png', '54ebf6d5-e9df-44c6-ae31-f84e9bfb2d9f');
INSERT INTO public.pattern (id, name, uri, content, icon_url, pattern_language_id) VALUES ('88c2dc42-308b-469b-9ae2-6f5afadeebfd', 'Distributed Application', 'https://patternpedia.org/patternLanguages/cloudComputingPatterns/distributedApplication', '{"Icon": "Enter your input for this section here.", "Intend": "A cloud application divides provided functionality among multiple application components that can be scaled out independently.", "Context": "Applications have to respect the distribution and the scaling-out support of cloud environments in their architecture to efficiently benefit from it. Cloud applications, therefore, should to rely on multiple, possibly redundant IT resources. This can especially be the case if the cloud provider assures Environment-based Availability – the availability of the complete environment and not of single IT resources hosted in it.", "Solution": "The functionality of the application is divided into multiple independent components that provide a certain function. This componentization of application functionality introduces a logical decomposition of the application. These logical components are subsumed to multiple tiers to denote that they shall be deployed together physically, i.e., on one server (cluster).\n\n![](https://www.cloudcomputingpatterns.org/sketches/distributed_application_sketch_1.png)\n\nLayer-based decomposition divides the application into separate logical layers. Components are restricted to access components of the same layer or one layer below.\n\n![](https://www.cloudcomputingpatterns.org/sketches/distributed_application_sketch_2.png)\n\nProcess-based decomposition focuses on the business processes supported by the application. These processes are comprised out of activities that are executed in a specific order. Functionality is divided into components with respect to the supported business activity.\n\n![](https://www.cloudcomputingpatterns.org/sketches/distributed_application_sketch_3.png)\n\nPipes-and-filters-based decomposition focuses on for data-centric processing of an application. Each filter provides a certain function that is performed on input data and produces output data after processing. Multiple filters are interconnected with pipes, i.e, through messaging.", "Solution Sketch": "", "Driving Question": "How can application functionality be decomposed to be handled by separate application components?"}', 'https://www.cloudcomputingpatterns.org/icons/distributed_application_icon.png', '54ebf6d5-e9df-44c6-ae31-f84e9bfb2d9f');
INSERT INTO public.pattern (id, name, uri, content, icon_url, pattern_language_id) VALUES ('da1ceb0a-e0db-4d70-bff7-fa505ad855e1', 'Stateful Component', 'https://patternpedia.org/patternLanguages/cloudComputingPatterns/statefulComponent', '{"Icon": "![](https://www.cloudcomputingpatterns.org/icons/stateful_component_icon.png)", "Intend": "Multiple instances of a scaled-out application component synchronize their internal state to provide a unified behavior.", "Context": "To benefit from a distributed cloud runtime environment, components of a Distributed Application are deployed to multiple cloud resources and their instances are scaled-out. Some of these application components may need to maintain an internal state, thus, the challenge arises that individual instances of application components should contain the same internal state, so that they present a unified behavior.", "Solution": "The internal state maintained by application component instances is replicated among all instances. Only small portions of shared information are used, for example, a configuration file stored centrally or configurations send by clients with every request.", "Solution Sketch": "![](https://www.cloudcomputingpatterns.org/sketches/stateful_component_sketch.png)", "Driving Question": "How can applications components that are scaled-out maintain a synchronized internal state?"}', 'https://www.cloudcomputingpatterns.org/icons/stateful_component_icon.png', '54ebf6d5-e9df-44c6-ae31-f84e9bfb2d9f');
INSERT INTO public.pattern (id, name, uri, content, icon_url, pattern_language_id) VALUES ('407c2577-465c-43ac-9e76-0b83035fbb32', 'Stateless Component', 'https://patternpedia.org/patternLanguages/cloudComputingPatterns/statelessComponent', '{"Icon": "![](https://www.cloudcomputingpatterns.org/icons/stateless_component_icon.png)", "Intend": "State is handled external of application components to ease their scaling-out and to make the application more tolerant to component failures.", "Context": "The components of a Distributed Application are deployed among multiple cloud resources to benefit from this distributed runtime environment through scaling out.The most significant factor complicating addition and removal of component instances in this scope is the internal state maintained by them. In case of failure, this information may even be lost.", "Solution": "Application components are implemented in a fashion that they do not have an internal state. Instead, their state and configuration is stored externally in Storage Offerings or provided to the component with each request.", "Solution Sketch": "![](https://www.cloudcomputingpatterns.org/sketches/stateless_component_sketch.png)", "Driving Question": "How can elasticity and robustness of an application component be increased?"}', 'https://www.cloudcomputingpatterns.org/icons/stateless_component_icon.png', '54ebf6d5-e9df-44c6-ae31-f84e9bfb2d9f');
INSERT INTO public.pattern (id, name, uri, content, icon_url, pattern_language_id) VALUES ('ffe04564-1e03-4265-8d1a-c459c7b12019', 'User Interface Component', 'https://patternpedia.org/patternLanguages/cloudComputingPatterns/userInterfaceComponent', '{"Icon": "![](https://www.cloudcomputingpatterns.org/icons/user_interface_component_icon.png)", "Intend": "Interactive synchronous access to applications is provided to humans, while application-internal interaction is realized asynchronously when possible to ensure Loose Coupling. Furthermore, the user interface should be customizable to be used by different customers.", "Context": "User Interface Component instances part of a Distributed Application have to be added and removed easily from the application without affecting the user experience. The dependencies on other application components should, therefore, be reduced as much as possible.", "Solution": "The User Interface Component serves as a bridge between the synchronous access of the human user and the asynchronous communication used with other application components. State information held externally, as described by the Stateless Component pattern. It is, therefore, attached to requests, may be held in a part of the user interface that is deployed on the user’s access device, or may be obtained from external storage. Instances of User Interface Components are scaled based on the number of synchronous requests to is as described by the Elastic Load Balancer pattern.", "Solution Sketch": "![](https://www.cloudcomputingpatterns.org/sketches/user_interface_component_sketch.png)", "Driving Question": "How can User Interface Components be accessed interactively by humans while being configurable and decoupled from the remaining application?"}', 'https://www.cloudcomputingpatterns.org/icons/user_interface_component_icon.png', '54ebf6d5-e9df-44c6-ae31-f84e9bfb2d9f');
INSERT INTO public.pattern (id, name, uri, content, icon_url, pattern_language_id) VALUES ('d72feeda-da2c-44ae-a05d-20374a775eec', 'Processing Component', 'https://patternpedia.org/patternLanguages/cloudComputingPatterns/processingComponent', '{"Icon": "![](https://www.cloudcomputingpatterns.org/icons/processing_component_icon.png)", "Intend": "Possibly long running processing functionality is handled by separate components to enable elastic scaling. Processing functionality is further made configurable to support different customer requirements.", "Context": "The processing functionality offered by an application shall be handled by different application component instances that operate independently. Instances of these components have to be added and removed easily to the application as part of scaling operations.", "Solution": "Processing functionality is split into separate function blocks and assigned to independent Processing Components. Each processing component is scaled out independently and is implemented in a stateless fashion as described in the Stateless Component pattern. Scaling is handled by an Elastic Queue. Data required for processing is provided with requests or by Storage Offerings.", "Solution Sketch": "![](https://www.cloudcomputingpatterns.org/sketches/processing_component_sketch.png)", "Driving Question": "How can processing be scaled out elastically among distributed resources while being configurable regarding the supported functions to meet different customers’ requirements?"}', 'https://www.cloudcomputingpatterns.org/icons/processing_component_icon.png', '54ebf6d5-e9df-44c6-ae31-f84e9bfb2d9f');
INSERT INTO public.pattern (id, name, uri, content, icon_url, pattern_language_id) VALUES ('8985ee0f-7a14-4149-99f6-a86be169e9ef', 'Batch Processing Component', 'https://patternpedia.org/patternLanguages/cloudComputingPatterns/batchProcessingComponent', '{"Icon": "![](https://www.cloudcomputingpatterns.org/icons/batch_processing_component_icon.png)", "Intend": "Requests are delayed until environmental conditions make their processing feasible.", "Context": "Distributed Applications assing processing functionality to different components to them independently. If such Processing Components are accessed asynchronously, certain conditions may make it unfeasible to process the requests immediately: seldom accesses to processing functionality, powerful Processing Component instances accessed continuously, and environmental conditions, such as resource costs.", "Solution": "Asynchronous processing requests are accepted at all times, but stored them until conditions are optimal for their processing. Based on the number of stored requests, environmental conditions, and custom rules, components are instantiated to handle the requests. Requests are only processed under non-optimal conditions if they cannot be delayed any longer.", "Solution Sketch": "![](https://www.cloudcomputingpatterns.org/sketches/batch_processing_component_sketch.png)", "Driving Question": "How can asynchronous processing requests be delayed to be handled when conditions for their processing are optimal?"}', 'https://www.cloudcomputingpatterns.org/icons/batch_processing_component_icon.png', '54ebf6d5-e9df-44c6-ae31-f84e9bfb2d9f');
INSERT INTO public.pattern (id, name, uri, content, icon_url, pattern_language_id) VALUES ('f429bc12-3aba-4029-91f7-1b5f96f6a5c7', 'Data Access Component', 'https://patternpedia.org/patternLanguages/cloudComputingPatterns/dataAccessComponent', '{"Icon": "![](https://www.cloudcomputingpatterns.org/icons/data_access_component_icon.png)", "Intend": "Functionality to store and access data elements is provided by special components that isolate complexity of data access, enable additional data consistency, and ensure adjustability of handled data elements to meet different customer requirements.", "Context": "Handling the complexity of accessing data, i.e., handling of authorization, querying for data, failure handling etc. tightly couples application components to the used storage offering and complicates the implementation of these components as a lot of the idiosyncrasies of data handling have to be respected by them. Instead, different data sources should be integrated to provide a unified data access to other application components. Also, data may be stored at different cloud providers that have to be integrated as well.", "Solution": "Access to different data sources is integrated by a Data Access Component. This component coordinates all data manipulation. In case a storage offering shall be replaced or the interface of a storage offering changes, the Data Access Component is the only component that has to be adjusted.", "Solution Sketch": "![](https://www.cloudcomputingpatterns.org/sketches/data_access_component_sketch.png)", "Driving Question": "How can the complexity of data storage due to access protocols and data consistency be hidden and isolated while ensuring data structure configurability?"}', 'https://www.cloudcomputingpatterns.org/icons/data_access_component_icon.png', '54ebf6d5-e9df-44c6-ae31-f84e9bfb2d9f');
INSERT INTO public.pattern (id, name, uri, content, icon_url, pattern_language_id) VALUES ('a9e14f2c-540d-44ca-93e2-557c2b09e409', 'Data Abstractor', 'https://patternpedia.org/patternLanguages/cloudComputingPatterns/dataAbstractor', '{"Icon": "![](https://www.cloudcomputingpatterns.org/icons/data_abstractor_icon.png)", "Intend": "The data provided to users or other application components is abstracted to inherently support eventually consistent data storage through the use of abstractions and approximations.", "Context": "If a Distributed Application using eventually consistent Storage Offerings is designed for consistent data, data consistency could be reassured by application components, such as the Data Access Component. However, this can void the benefits introduced by eventually consistency regarding performance and availability.", "Solution": "The style of data representation is adjusted to allow retrieved data to be eventually consistent. The data representation always reflects that the consistent state is unknown by approximating values or abstracting them into more general ones, such as progress bars, traffic lights, or change tendencies (increase / decrease).", "Solution Sketch": "![](https://www.cloudcomputingpatterns.org/sketches/data_abstractor_sketch.png)", "Driving Question": "How can eventually consistent data be presented, so that possible inconsistencies are hidden from other application components and application users?"}', 'https://www.cloudcomputingpatterns.org/icons/data_abstractor_icon.png', '54ebf6d5-e9df-44c6-ae31-f84e9bfb2d9f');
INSERT INTO public.pattern (id, name, uri, content, icon_url, pattern_language_id) VALUES ('56055e72-e623-449b-a009-0c030bc2df6f', 'Idempotent Processor', 'https://patternpedia.org/patternLanguages/cloudComputingPatterns/idempotentProcessor', '{"Icon": "![](https://www.cloudcomputingpatterns.org/icons/idempotent_processor_icon.png)", "Intend": "Application functions detect duplicate messages and inconsistent data or are designed to be immune to these conditions.", "Context": "In case of Storage Offerings displaying Eventual Consistency, application components can possibly read obsolete information that has already been processed. Still, the component may choose to process the data again as changes cannot be seen. The same problem arises, if application components of a Distributed Application exchange information asynchronously via a Message-oriented Middleware assuring At-least-once Delivery. In this case duplicate messages can lead to duplicate processing.", "Solution": "The Idempotent Processor ensures that duplicate messages and inconsistent data do not affect application functionality either through inconsistency detection identifying message duplicates and data inconsistencies or through idempotent semantics of application functions enabling them to be erroneously executed multiple times with the same outcome.", "Solution Sketch": "![](https://www.cloudcomputingpatterns.org/sketches/idempotent_processor_sketch.png)", "Driving Question": "How can an application component cope with message duplicates or data inconsistencies that could lead to duplicate function execution?"}', 'https://www.cloudcomputingpatterns.org/icons/idempotent_processor_icon.png', '54ebf6d5-e9df-44c6-ae31-f84e9bfb2d9f');
INSERT INTO public.pattern (id, name, uri, content, icon_url, pattern_language_id) VALUES ('0ebe7e09-ee64-4860-a5b6-81411417a98f', 'Transaction-based Processor', 'https://patternpedia.org/patternLanguages/cloudComputingPatterns/transaction-basedProcessor', '{"Icon": "![](https://www.cloudcomputingpatterns.org/icons/transaction_based_processor_icon.png)", "Intend": "Components receive messages or read data and process the obtained information under a transactional context to ensure that all received messages are processes and all altered data is consistent after processing, respectively.", "Context": "A Message-oriented Middleware can use Transaction-based Delivery of messages to ensure that messages are received successfully by a client. However, using this approach no assurances can be made regarding the processing of that received message.", "Solution": "Transaction-based Delivery subsumes reading the message from a queue and deleting it from a queue in one transaction. The Transaction-based Processor extends the transactional context to the processing of the message in the receiver. Analogous, if interacting with a storage offering, the Transaction-based Processor reads, processes and writes data in one transactional context.", "Solution Sketch": "![](https://www.cloudcomputingpatterns.org/sketches/transaction_based_processor_sketch.png)", "Driving Question": "How can an application component ensure that all messages it receives are processed successfully and altered data is persisted successfully after processing?"}', 'https://www.cloudcomputingpatterns.org/icons/transaction_based_processor_icon.png', '54ebf6d5-e9df-44c6-ae31-f84e9bfb2d9f');
INSERT INTO public.pattern (id, name, uri, content, icon_url, pattern_language_id) VALUES ('fcc9ffbd-bf97-43e5-b600-8e02f6a55c6a', 'Timeout-based Message Processor', 'https://patternpedia.org/patternLanguages/cloudComputingPatterns/timeout-basedMessageProcessor', '{"Icon": "![](https://www.cloudcomputingpatterns.org/icons/timeout_based_message_processor_icon.png)", "Intend": "Clients acknowledge message receptions and processing to ensure that all messages are handled by an application. If a message is not acknowledged after a certain timeout, it is processed by a different client.", "Context": "A Message-oriented Middleware uses Timeout-based Delivery to ensure that messages are received successfully by at least one client. Additionally, it shall be assured by the application that a message has also been properly processed after its reception.", "Solution": "Instead of sending an acknowledgement right after receiving a message, a timeout-based message processor sends this acknowledgement after it has successfully processed the message.", "Solution Sketch": "![](https://www.cloudcomputingpatterns.org/sketches/timeout_based_message_processor_sketch.png)", "Driving Question": "How can an application process messages while guaranteeing that all messages handled by the application are processed at-least-once?"}', 'https://www.cloudcomputingpatterns.org/icons/timeout_based_message_processor_icon.png', '54ebf6d5-e9df-44c6-ae31-f84e9bfb2d9f');
INSERT INTO public.pattern (id, name, uri, content, icon_url, pattern_language_id) VALUES ('58fbcfe2-0ce2-44e5-9216-8ed0cc9fe349', 'Multi-Component Image', 'https://patternpedia.org/patternLanguages/cloudComputingPatterns/multi-componentImage', '{"Icon": "![](https://www.cloudcomputingpatterns.org/icons/multi_component_image_icon.png)", "Intend": "Virtual servers host multiple application components that may not be active at all times to reduce provisioning and decommissioning operations.", "Context": "A Distributed Application may deploy its application components among virtual servers provided by an Elastic Infrastructure. The individual application components may, however, not fully utilize the servers if only one component is hosted per server. Therefore, mapping each application component to a single server may lead to underutilization.", "Solution": "Multiple application components (possibly including middleware) are hosted on a single virtual server to ensure that running virtual servers may be used for different purposes without making provisioning or decommissioning operations necessary.", "Solution Sketch": "![](https://www.cloudcomputingpatterns.org/sketches/multi_component_image_sketch.png)", "Driving Question": "How can a virtual server provide the functionality of multiple application components to be used flexibly in applications?"}', 'https://www.cloudcomputingpatterns.org/icons/multi_component_image_icon.png', '54ebf6d5-e9df-44c6-ae31-f84e9bfb2d9f');
INSERT INTO public.pattern (id, name, uri, content, icon_url, pattern_language_id) VALUES ('ec9c797d-e49c-442f-9124-2d88f7100135', 'Shared Component', 'https://patternpedia.org/patternLanguages/cloudComputingPatterns/sharedComponent', '{"Icon": "![](https://www.cloudcomputingpatterns.org/icons/shared_component_icon.png)", "Intend": "A component is accessed by multiple tenants to leverage economies of scale.", "Context": "A Distributed Application is offered to multiple tenants. These tenants share IT resources required by applications provided to them. The provisioning of application component instances shall be optimized by limiting the portion of the application stack and the number of application components deployed exclusively for one tenant.", "Solution": "A Shared Component provides functionality that is equal for all tenants accessing the component. All tenants can be treated as a uniform user group to which a common user experience and service level is guaranteed.", "Solution Sketch": "![](https://www.cloudcomputingpatterns.org/sketches/shared_component_sketch.png)", "Driving Question": "How can an application component be shared between multiple tenants enabling some individual configuration?"}', 'https://www.cloudcomputingpatterns.org/icons/shared_component_icon.png', '54ebf6d5-e9df-44c6-ae31-f84e9bfb2d9f');
INSERT INTO public.pattern (id, name, uri, content, icon_url, pattern_language_id) VALUES ('c391cc26-66e0-4bce-a68b-f5c89b8fc25d', 'Tenant-isolated Component', 'https://patternpedia.org/patternLanguages/cloudComputingPatterns/tenant-isolatedComponent', '{"Icon": "![](https://www.cloudcomputingpatterns.org/icons/tenant_isolated_component_icon.png)", "Intend": "A component shared between tenants avoids influences between tenants regarding assured performance, available storage capacity, and accessibility of functionality and data.", "Context": "A Distributed Application is offered to multiple tenants. These tenants share IT resources required by applications provided to them. However, the sharing of application components is hindered by three factors. First, tenants may have unique requirements and, thus, expect application components to be configurable to their individual needs. Second, tenants may not trust each other. Third, tenants expect an application to behave as if a single tenant was the only one accessing it.", "Solution": "Components on all layers of the application stack are specifically developed to be used by different tenants. Especially, they ensure isolation between tenants by controlling tenant access, processing performance used, and separation of stored data.", "Solution Sketch": "![](https://www.cloudcomputingpatterns.org/sketches/tenant_isolated_component_sketch.png)", "Driving Question": "How can an application component be shared between multiple tenants enabling individual configuration and tenant-isolation regarding performance, data volume, and access privileges?"}', 'https://www.cloudcomputingpatterns.org/icons/tenant_isolated_component_icon.png', '54ebf6d5-e9df-44c6-ae31-f84e9bfb2d9f');
INSERT INTO public.pattern (id, name, uri, content, icon_url, pattern_language_id) VALUES ('d7300f66-0b64-4523-a36a-5e2a22e6b234', 'Dedicated Component', 'https://patternpedia.org/patternLanguages/cloudComputingPatterns/dedicatedComponent', '{"Icon": "![](https://www.cloudcomputingpatterns.org/icons/dedicated_component_icon.png)", "Intend": "Components providing critical functionality shall be provided exclusively to tenants while still allowing other components to be shared between tenants.", "Context": "A Distributed Application is offered to multiple tenants. These tenants share IT resources required by applications provided to them.", "Solution": "Dedicated application components are provided exclusively for each tenant using the application.", "Solution Sketch": "![](https://www.cloudcomputingpatterns.org/sketches/dedicated_component_sketch.png)", "Driving Question": "How can application components that cannot be shared be integrated into a multi-tenant application?"}', 'https://www.cloudcomputingpatterns.org/icons/dedicated_component_icon.png', '54ebf6d5-e9df-44c6-ae31-f84e9bfb2d9f');
INSERT INTO public.pattern (id, name, uri, content, icon_url, pattern_language_id) VALUES ('4c5e11d0-afbc-452a-baab-37a779006897', 'Restricted Data Access Component', 'https://patternpedia.org/patternLanguages/cloudComputingPatterns/restrictedDataAccessComponent', '{"Icon": "![](https://www.cloudcomputingpatterns.org/icons/restricted_data_access_component_icon.png)", "Intend": "Data provided to clients from different environments is adjusted based on access restrictions.", "Context": "A Distributed Application may host application components at different providers to match the individual requirements of components with best fitting providers. One factor may be that application components experience different workload. Other differentiating factors of the used environments may be assured privacy, security, and trust. These differences may, however, impact the data that may be accessible in an environment.", "Solution": "Data storage restrictions and access privileges are defined for each data element. Access to these data elements is provided by separate Restricted Data Access Components that interpret the information associated with data elements. It adjusts data accordingly through deletion or obfuscation during every access.", "Solution Sketch": "![](https://www.cloudcomputingpatterns.org/sketches/restricted_data_access_component_sketch.png)", "Driving Question": "How can an application component alter provided data based on access restrictions imposed on different environments?"}', 'https://www.cloudcomputingpatterns.org/icons/restricted_data_access_component_icon.png', '54ebf6d5-e9df-44c6-ae31-f84e9bfb2d9f');
INSERT INTO public.pattern (id, name, uri, content, icon_url, pattern_language_id) VALUES ('60fbbcf8-b771-4615-a54b-1f0cd44ea9f9', 'Message Mover', 'https://patternpedia.org/patternLanguages/cloudComputingPatterns/messageMover', '{"Icon": "![](https://www.cloudcomputingpatterns.org/icons/message_mover_icon.png)", "Intend": "Messages are moved automatically between different cloud providers to provide unified access to application components using messaging.", "Context": "The application components comprising a Distributed Application often exchange data using messages. If used message queues reside in different cloud environments that form a Hybrid Cloud accessibility to queues of one environment may be restricted for application components that are deployed in another environment.", "Solution": "A Message Mover is used to integrate message queues hosted in different environments by receiving messages from one queue and transferring it to a queue in other environments.", "Solution Sketch": "![](https://www.cloudcomputingpatterns.org/sketches/message_mover_sketch.png)", "Driving Question": "How can message queues of different providers be integrated without an impact on the application components using them?"}', 'https://www.cloudcomputingpatterns.org/icons/message_mover_icon.png', '54ebf6d5-e9df-44c6-ae31-f84e9bfb2d9f');
INSERT INTO public.pattern (id, name, uri, content, icon_url, pattern_language_id) VALUES ('655c0266-87bf-4a26-bbe6-f1c286c1b063', 'Application Component Proxy', 'https://patternpedia.org/patternLanguages/cloudComputingPatterns/applicationComponentProxy', '{"Icon": "![](https://www.cloudcomputingpatterns.org/icons/application_component_proxy_icon.png)", "Intend": "An application component is made available in an environment from where it cannot be accessed directly by deploying an Application Component Proxy. The communication between this proxy and the application component is initiated and maintained from the environment where communication is unrestricted.", "Context": "Application components of a Distributed Application are deployed in different Cloud Environments that form a Hybrid Cloud. These environments often have different privacy, security, and trust properties. The communication between environments is often restricted through the use of firewalls. However, application components hosted in unrestricted environments may have to access application components hosted in a restricted environment.", "Solution": "The interface of a restricted application component is duplicated to form a proxy component. Synchronous and asynchronous communication with this proxy component is initiated and maintained from the restricted environment that may access the unrestricted environment directly.", "Solution Sketch": "![](https://www.cloudcomputingpatterns.org/sketches/application_component_proxy_sketch.png)", "Driving Question": "How can an application component be accessed if direct access to its hosting environment is restricted?"}', 'https://www.cloudcomputingpatterns.org/icons/application_component_proxy_icon.png', '54ebf6d5-e9df-44c6-ae31-f84e9bfb2d9f');
INSERT INTO public.pattern (id, name, uri, content, icon_url, pattern_language_id) VALUES ('c92ac60f-1156-46d8-9fe3-54fb90988a08', 'Compliant Data Replication', 'https://patternpedia.org/patternLanguages/cloudComputingPatterns/compliantDataReplication', '{"Icon": "![](https://www.cloudcomputingpatterns.org/icons/compliant_data_replication_icon.png)", "Intend": "Data is replicated among multiple environments that may handle different data subsets. During replication data is obfuscated and deleted depending on laws and security regulations. Data updates are adjusted automatically to reflect the different data structures handled by environments.", "Context": "Distributed Applications that are hosted in a Hybrid Cloud often require access to the same data from different application components. If application components accessing the data are globally distributed, data access performance may be reduced drastically if data is only stored in one geographic location. Therefore, data may have to be replicated. Due to laws and corporate regulations, some of these locations may only handle a subset of the available data or data has to be obfuscated.", "Solution": "Data replicas in different environments are updated asynchronously using messaging. Message filters are used to delete and obfuscate certain data elements in these messages as they leave the trusted environment. Information about the data manipulations stored in a storage offering. If data is then altered in the less secure environment, the corresponding update message is enriched by a message enricher as it enters the secure environment.", "Solution Sketch": "![](https://www.cloudcomputingpatterns.org/sketches/compliant_data_replication_sketch.png)", "Driving Question": "How can data be replicated between environments if some environments may only handle subsets of the data due to laws and corporate regulations?"}', 'https://www.cloudcomputingpatterns.org/icons/compliant_data_replication_icon.png', '54ebf6d5-e9df-44c6-ae31-f84e9bfb2d9f');
INSERT INTO public.pattern (id, name, uri, content, icon_url, pattern_language_id) VALUES ('75f30575-45d9-41fa-922b-4b8c0a586c36', 'Integration Provider', 'https://patternpedia.org/patternLanguages/cloudComputingPatterns/integrationProvider', '{"Icon": "![](https://www.cloudcomputingpatterns.org/icons/integration_provider_icon.png)", "Intend": "Integration functionality such as messaging and shared data is hosted by a separate provider to enable integrate of otherwise separated hosting environments.", "Context": "When companies collaborate or one company has to integrate applications of different regional offices, different applications or the components of a Distributed Application are distributed among different hosting environments. Communication between these environments may be restricted and enabling communication may be hindered by corporate regulations.", "Solution": "The Distributed Applications or their components communicate using integration components offered by a third party provider.", "Solution Sketch": "![](https://www.cloudcomputingpatterns.org/sketches/integration_provider_sketch.png)", "Driving Question": "How can application components that reside in different environments, possibly belonging to different companies, be integrated through a third-party provider?"}', 'https://www.cloudcomputingpatterns.org/icons/integration_provider_icon.png', '54ebf6d5-e9df-44c6-ae31-f84e9bfb2d9f');
INSERT INTO public.pattern (id, name, uri, content, icon_url, pattern_language_id) VALUES ('e0f81811-2d75-4d53-b18c-68e0cd42069b', 'Provider Adapter', 'https://patternpedia.org/patternLanguages/cloudComputingPatterns/providerAdapter', '{"Icon": "![](https://www.cloudcomputingpatterns.org/icons/provider_adapter_icon.png)", "Intend": "Provider interfaces are encapsulated and mapped to unified interfaces used in applications to separate concerns of interactions with the provider from application functionality.", "Context": "Cloud providers offer many interfaces that can be used in application components of a Distributed Application. If a component directly interacts with these interfaces, its implementation becomes strongly interleaved with the specific functions offered and the protocols used.", "Solution": "The Provider Adapter encapsulates all provider-specific implementations required for authentication, data formatting etc. in an abstract interface. The Provider Adapter , thus, ensures separation of concerns between application components accessing provider functionality and application components providing application functionality. It may also offer synchronous provider-interfaces to be accessed asynchronously via messages and vice versa.", "Solution Sketch": "![](https://www.cloudcomputingpatterns.org/sketches/provider_adapter_sketch_2.png)", "Driving Question": "How can the dependencies of an application component on a provider-specific interface be managed?"}', 'https://www.cloudcomputingpatterns.org/icons/provider_adapter_icon.png', '54ebf6d5-e9df-44c6-ae31-f84e9bfb2d9f');
INSERT INTO public.pattern (id, name, uri, content, icon_url, pattern_language_id) VALUES ('943b985d-421a-4822-89fd-a15f97b5ad2e', 'Managed Configuration', 'https://patternpedia.org/patternLanguages/cloudComputingPatterns/managedConfiguration', '{"Icon": "![](https://www.cloudcomputingpatterns.org/icons/managed_configuration_icon.png)", "Intend": "Scaled-out application components should use a centrally stored configuration to provide a unified behavior that can be adjusted simultaneously.", "Context": "Application components of a Distributed Application often have configuration parameters. Storing configuration information together with the application component implementation can be unpractical as it results in more overhead in case of configuration changes. Each running instance of the application component must be updated separately. Component images stored in Elastic Infrastructures or Elastic Platforms also have to be updated upon configuration change.", "Solution": "Configurations are stored in a central Storage Offering, commonly, a Relational Database, Key-Value Storage, or Blob Storage from where it is accessed by all running component instances either by accessing the storage periodically or by sending messages to the components.", "Solution Sketch": "![](https://www.cloudcomputingpatterns.org/sketches/managed_configuration_sketch.png)", "Driving Question": "How can the configuration of scaled out application component instances be controlled in a coordinated fashion?"}', 'https://www.cloudcomputingpatterns.org/icons/managed_configuration_icon.png', '54ebf6d5-e9df-44c6-ae31-f84e9bfb2d9f');
INSERT INTO public.pattern (id, name, uri, content, icon_url, pattern_language_id) VALUES ('a6f54844-5cbe-4c6f-b76e-e43fe70dbb33', 'Elasticity Manager', 'https://patternpedia.org/patternLanguages/cloudComputingPatterns/elasticityManager', '{"Icon": "![](https://www.cloudcomputingpatterns.org/icons/elasticity_manager_icon.png)", "Intend": "The utilization of IT resources on which an elastically scaled-out application is hosted, for example, virtual servers is used to determine the number of required application component instances.", "Context": "Application components of a Distributed Application hosted on an Elastic Infrastructure or Elastic Platform shall be scaled-out. The instances of applications components, thus, shall be provisioned and decommissioned automatically based on the current workload experienced by the application.", "Solution": "The utilization of cloud resources on which application component instances are deployed is monitored. This could be, for example, the CPU load of a virtual server. This information is used to determine the number of required instances.", "Solution Sketch": "![](https://www.cloudcomputingpatterns.org/sketches/elasticity_manager_sketch.png)", "Driving Question": "How can the number of required application component instances be determined based on the utilization of hosting IT resources?"}', 'https://www.cloudcomputingpatterns.org/icons/elasticity_manager_icon.png', '54ebf6d5-e9df-44c6-ae31-f84e9bfb2d9f');
INSERT INTO public.pattern (id, name, uri, content, icon_url, pattern_language_id) VALUES ('379b35ec-91cc-4c55-a3ad-582b5f19c75c', 'Elastic Load Balancer', 'https://patternpedia.org/patternLanguages/cloudComputingPatterns/elasticLoadBalancer', '{"Icon": "![](https://www.cloudcomputingpatterns.org/icons/elastic_load_balancer_icon.png)", "Intend": "The number of synchronous accesses to an elastically scaled-out application is used to determine the number of required application component instances.", "Context": "Application components of a Distributed Application shall be scaled out automatically. Requests sent to an application shall be used as an indicator for the currently experienced workload from which the required number of components instances shall be deducted.", "Solution": "Based on the number of synchronous requests handled by a load balancer and possibly other utilization information, the required number of required component instances is determined.", "Solution Sketch": "![](https://www.cloudcomputingpatterns.org/sketches/elastic_load_balancer_sketch.png)", "Driving Question": "How can the number of required application component instances be determined based on monitored synchronous accesses?"}', 'https://www.cloudcomputingpatterns.org/icons/elastic_load_balancer_icon.png', '54ebf6d5-e9df-44c6-ae31-f84e9bfb2d9f');
INSERT INTO public.pattern (id, name, uri, content, icon_url, pattern_language_id) VALUES ('eea35b39-4d7f-49d4-93f2-15283b5cef46', 'Elastic Queue', 'https://patternpedia.org/patternLanguages/cloudComputingPatterns/elasticQueue', '{"Icon": "![](https://www.cloudcomputingpatterns.org/icons/elastic_queue_icon.png)", "Intend": "The number of asynchronous accesses via messaging to an elastically scaled-out application is used to adjust the number of required application component instances.", "Context": "A Distributed Application is comprised of multiple application components that are accessed asynchronously and deployed to an Elastic Infrastructure or an Elastic Platform. The required provisioning and decommissioning operations to scale this application should be performed in an automated fashion.", "Solution": "Queues that are used to distribute asynchronous requests among multiple application components instances are monitored. Based on the number of enqueued messages the Elastic Queue adjusts the number of application component instances handling these requests.", "Solution Sketch": "![](https://www.cloudcomputingpatterns.org/sketches/elastic_queue_sketch.png)", "Driving Question": "How can the number of required application component instances be adjusted based on monitored asynchronous accesses?"}', 'https://www.cloudcomputingpatterns.org/icons/elastic_queue_icon.png', '54ebf6d5-e9df-44c6-ae31-f84e9bfb2d9f');
INSERT INTO public.pattern (id, name, uri, content, icon_url, pattern_language_id) VALUES ('4bf4daf7-12de-40d7-b701-db2150082ae7', 'Watchdog', 'https://patternpedia.org/patternLanguages/cloudComputingPatterns/watchdog', '{"Icon": "![](https://www.cloudcomputingpatterns.org/icons/watchdog_icon.png)", "Intend": "Applications cope with failures automatically by monitoring and replacing application component instances if the provider-assured availability is insufficient.", "Context": "If a Distributed Application is comprised of many application components it is dependent on the availability of all component instances. To enable high availability under such conditions, applications have to rely on redundant application component instances and the failure of these instances has to be detected and coped with automatically.", "Solution": "Individual application components rely on external state information by implementing the Stateless Component pattern. Components are scaled out and multiple instances of them are deployed to redundant resources. The component instances are monitored by a separate Watchdog component and replaced in case of failures.", "Solution Sketch": "![](https://www.cloudcomputingpatterns.org/sketches/watchdog_sketch.png)", "Driving Question": "How can applications automatically detect failing application components and handle their replacement?."}', 'https://www.cloudcomputingpatterns.org/icons/watchdog_icon.png', '54ebf6d5-e9df-44c6-ae31-f84e9bfb2d9f');
INSERT INTO public.pattern (id, name, uri, content, icon_url, pattern_language_id) VALUES ('a870ac42-19ff-4352-8143-2cafe58596f4', 'Elasticity Management Process', 'https://patternpedia.org/patternLanguages/cloudComputingPatterns/elasticityManagementProcess', '{"Icon": "![](https://www.cloudcomputingpatterns.org/icons/elasticity_management_process_icon.png)", "Intend": "Application component instances are added automatically to an application to cope with increasing workload. If the workload decreases application component instances are removed respectively.", "Context": "A Distributed Application uses Elasticity Managers, Elastic Queues, or Elastic Load Balancers to ensure an elastic scaling of application components. To handle this task adequately, the current resource demand has to be obtained automatically from the application and has to be reflected in provisioning and decommissioning of cloud resources.", "Solution": "An Elasticity Management Process analyzes the utilization of application component instances in intervals, when a system manager requests it, or if certain conditions are observed by the monitoring component. Based on this information, the current workload of the application is computed and reflected by adjusting used resources.", "Solution Sketch": "![](https://www.cloudcomputingpatterns.org/sketches/elasticity_management_process_sketch.png)", "Driving Question": "How can the number of resources to which application components are scaled-out be adjusted efficiently to the currently experienced workload and anticipated future workload?"}', 'https://www.cloudcomputingpatterns.org/icons/elasticity_management_process_icon.png', '54ebf6d5-e9df-44c6-ae31-f84e9bfb2d9f');
INSERT INTO public.pattern (id, name, uri, content, icon_url, pattern_language_id) VALUES ('94be9ce1-8a44-451e-a229-4ac77e9fb370', 'Feature Flag Management Process', 'https://patternpedia.org/patternLanguages/cloudComputingPatterns/featureFlagManagementProcess', '{"Icon": "![](https://www.cloudcomputingpatterns.org/icons/feature_flag_management_process_icon.png)", "Intend": "If the cloud cannot provide required resources in time, the features provided by application components are degraded gracefully to replace or disable unimportant ones in order to keep vital features operational.", "Context": "While the elasticity of clouds generally allows a tight alignment of resource numbers to the experienced workload, the time it takes to provision new resources remains as a limiting factor. If the workload increases too drastically, it may take too long to provision new resources. Furthermore, cloud providers often do not guarantee concrete provisioning times.", "Solution": "Less important application functionality provided by application component instances is disabled or replaced with a less demanding implementation, if the cloud provider cannot fulfill current workload demands. When resources can eventually be provisioned again, the application components return to normal operation.", "Solution Sketch": "![](https://www.cloudcomputingpatterns.org/sketches/feature_flag_management_process_sketch.png)", "Driving Question": "How can the performance of an application degrade gracefully, if the experienced workload increases but additional cloud resources are unavailable or take too long to provision?"}', 'https://www.cloudcomputingpatterns.org/icons/feature_flag_management_process_icon.png', '54ebf6d5-e9df-44c6-ae31-f84e9bfb2d9f');
INSERT INTO public.pattern (id, name, uri, content, icon_url, pattern_language_id) VALUES ('f0baf4fd-0cc9-4e66-bea3-0d9e520252f0', 'Update Transition Process', 'https://patternpedia.org/patternLanguages/cloudComputingPatterns/updateTransitionProcess', '{"Icon": "![](https://www.cloudcomputingpatterns.org/icons/update_transition_process_icon.png)", "Intend": "When a new application component version, middleware versions etc. become available, running application components are updated seamlessly.", "Context": "During the runtime of a Distributed Application, new versions of used middleware, operating systems, or application components may become available. A seamless switch from the old to the new version of application components shall be enabled.", "Solution": "The new component version is created. Additional application component instances of the new version are provisioned. These components are executed simultaneously with the application components of the old version. If necessary, load balancing is then switched to the component instances of the new version. If the application components access a queue, this step is unnecessary. Finally, the old application component instances are decommissioned.", "Solution Sketch": "![](https://www.cloudcomputingpatterns.org/sketches/update_transition_process_sketch.png)", "Driving Question": "How can application components of a Distributed Application be updated seamlessly?"}', 'https://www.cloudcomputingpatterns.org/icons/update_transition_process_icon.png', '54ebf6d5-e9df-44c6-ae31-f84e9bfb2d9f');
INSERT INTO public.pattern (id, name, uri, content, icon_url, pattern_language_id) VALUES ('7ec419dc-5f3a-4a77-9bab-57ca7dc6c050', 'Standby Pooling Process', 'https://patternpedia.org/patternLanguages/cloudComputingPatterns/standbyPoolingProcess', '{"Icon": "![](https://www.cloudcomputingpatterns.org/icons/standby_pooling_process_icon.png)", "Intend": "Application component instances should be kept on standby to increase provisioning speed and utilize billing time-slots efficiently.", "Context": "Even though application component instances may be provisioned and decommissioned dynamically, it usually requires some time to actually provision and decommission them. If a cloud application, however, experiences drastic and quick workload changes, these provisioning times may limit its capability to obtain the required resources quickly enough. Decommissioning of component instances immediately when no longer needed may also be ineffective, if cloud resources are charged for fixed time-slots.", "Solution": "Instead of decommissioning application component instances instantly when they are unused, they are assigned to a standby list They are decommissioned only when the time-slot they have been paid for has been utilized and they are still not needed. The standby list may always contain a certain number of component instances to ensure timely provisioning.", "Solution Sketch": "![](https://www.cloudcomputingpatterns.org/sketches/standby_pooling_process_sketch_1.png)\n![](https://www.cloudcomputingpatterns.org/sketches/standby_pooling_process_sketch_2.png)", "Driving Question": "How can defined provisioning times for application component instances be ensured while utilizing pay-per-use resources in an optimal fashion?"}', 'https://www.cloudcomputingpatterns.org/icons/standby_pooling_process_icon.png', '54ebf6d5-e9df-44c6-ae31-f84e9bfb2d9f');
INSERT INTO public.pattern (id, name, uri, content, icon_url, pattern_language_id) VALUES ('18a22c4f-0032-4e68-b7bf-373feb2960ba', 'Resiliency Management Process', 'https://patternpedia.org/patternLanguages/cloudComputingPatterns/resiliencyManagementProcess', '{"Icon": "![](https://www.cloudcomputingpatterns.org/icons/resiliency_management_process_icon.png)", "Intend": "Application components are checked for failures and replaced automatically without human intervention.", "Context": "A Watchdog allows to monitor application components and react to failures. To handle this task, the component functionality must be verified and failing components must be replaced with newly provisioned components in a coordinated fashion.", "Solution": "This process is triggered by the monitoring functionality or by the Watchdog if it detects a component failure. Additionally, the Resiliency Management Process periodically verifies application component health. If a failure is detected, the faulty application component instance is decommissioned and replaced by a newly provisioned instance.", "Solution Sketch": "![](https://www.cloudcomputingpatterns.org/sketches/resiliency_management_process_sketch.png)", "Driving Question": "How can the overall availability of an application be ensured automatically even if individual application component instances fail?"}', 'https://www.cloudcomputingpatterns.org/icons/resiliency_management_process_icon.png', '54ebf6d5-e9df-44c6-ae31-f84e9bfb2d9f');
INSERT INTO public.pattern (id, name, uri, content, icon_url, pattern_language_id) VALUES ('5a4a3ce7-a337-43a9-9d02-5e03d81acbde', 'Two-Tier Cloud Application', 'https://patternpedia.org/patternLanguages/cloudComputingPatterns/two-tierCloudApplication', '{"Icon": "![](https://www.cloudcomputingpatterns.org/icons/two_tier_cloud_application_icon.png)", "Intend": "Presentation and business logic is bundled to one stateless tier that is easy to scale. This tier is separated from the data tier that is harder to scale and often handled by a provider-supplied storage offering.", "Context": "A Distributed Application is decomposed into application components to scale individual application functions independently. In this scope, data handling functionality is significantly harder to scale than Stateless Components, because Stateful Components have to coordinate state information between instances. Therefore, the application shall be decomposed in a fashion that separates the easy-to-scale functionality from the hard-to-scale functionality.", "Solution": "Application functionality is decomposed into data handling functionality, provided by one or several Storage Offerings, and application components handling presentation and business logic. This separation enables the two tiers to elastically scale independently with their workloads.", "Solution Sketch": "![](https://www.cloudcomputingpatterns.org/sketches/two_tier_cloud_application_sketch.png)", "Driving Question": "How can application functionality be separated from data handling to scale them independently?"}', 'https://www.cloudcomputingpatterns.org/icons/two_tier_cloud_application_icon.png', '54ebf6d5-e9df-44c6-ae31-f84e9bfb2d9f');
INSERT INTO public.pattern (id, name, uri, content, icon_url, pattern_language_id) VALUES ('71c96f1d-d306-446d-b154-86d56cdde7b8', 'Hybrid Data', 'https://patternpedia.org/patternLanguages/cloudComputingPatterns/hybridData', '{"Icon": "![](https://www.cloudcomputingpatterns.org/icons/hybrid_data_icon.png)", "Intend": "Data of varying size is hosted in an elastic cloud while the remainder of an application resides in a static environment.", "Context": "A Distributed Application handles data whose size varies drastically over time. Large amounts of data may, thus, be generated periodically and are then deleted again, may increase and decrease randomly, or may display a general increase or decrease over time. Especially, during these changes, the user number and their accesses to the application can be static resulting in Static Workload on the remainder of the application components.", "Solution": "Data whose varying size makes it unsuitable for hosting in a static environment is handled by Storage Offerings in an elastic cloud. At this location data is either accessed by Data Access Components that are hosted in the static environment or by Data Access Components hosted in the elastic environment.", "Solution Sketch": "![](https://www.cloudcomputingpatterns.org/sketches/hybrid_data_sketch.png)", "Driving Question": "How can a data handling functionality that experiences varying workload be hosted in an elastic cloud while the rest of the application is located in a static data center?"}', 'https://www.cloudcomputingpatterns.org/icons/hybrid_data_icon.png', '54ebf6d5-e9df-44c6-ae31-f84e9bfb2d9f');
INSERT INTO public.pattern (id, name, uri, content, icon_url, pattern_language_id) VALUES ('b550d75a-1f09-4bee-99ea-2a383ebf6a06', 'Three-Tier Cloud Application', 'https://patternpedia.org/patternLanguages/cloudComputingPatterns/three-tierCloudApplication', '{"Icon": "![](https://www.cloudcomputingpatterns.org/icons/three_tier_cloud_application_icon.png)", "Intend": "The presentation, business logic, and data handling is realized as separate tiers to scale stateless presentation and compute-intensive processing independently of the data tier, which is harder to scale and often handled by the cloud provider.", "Context": "A Distributed Application is decomposed into application components to scale individual application functions independently. There can be many differentiating factors of application tiers. For example, if Processing Components are more computation intensive or are used less frequently than User Interface Components, aligning the elastic scaling of these two components by summarizing their implementation in one tier can be inefficient. This issue arises every time components experiences different Application Workloads. The number of provisioned component instances cannot be aligned well to the different workloads if they are summarized to coarse grained tiers.", "Solution": "The application is decomposed into three tiers, where each tier is elastically scaled independently. The presentation tier is comprised of a load balancer and an application component that implements the Stateless Component pattern and User Interface Component pattern. The business logic tier is comprised of an application component implementing the Stateless Component pattern in addition to the Processing Component pattern.", "Solution Sketch": "![](https://www.cloudcomputingpatterns.org/sketches/three_tier_cloud_application_sketch.png)", "Driving Question": "How can presentation logic, business logic, and data handling be decomposed into separate tiers that are scaled independently?"}', 'https://www.cloudcomputingpatterns.org/icons/three_tier_cloud_application_icon.png', '54ebf6d5-e9df-44c6-ae31-f84e9bfb2d9f');
INSERT INTO public.pattern (id, name, uri, content, icon_url, pattern_language_id) VALUES ('56701117-c534-47f2-b067-1882e1399a19', 'Content Distribution Network', 'https://patternpedia.org/patternLanguages/cloudComputingPatterns/contentDistributionNetwork', '{"Icon": "![](https://www.cloudcomputingpatterns.org/icons/content_distribution_network_icon.png)", "Intend": "Applications component instances and data handled by them are globally distributed to meet the access performance required by a global user group.", "Context": "If the application provides multimedia content to users, for example, streamed videos and music the amount of data to be served increases drastically. If such multimedia content is located too far from the user accessing it, the communication delay of the distribution network may hinder the timely access to data. Therefore, storing content in only one centralized location, i.e., one cloud or data center is unfeasible.", "Solution": "Content replicas are established in different physical locations of one or multiple clouds. During this distribution of replicas, the topology of distribution networks is considered to ensure locality for all users. Replicas are updated from a central location.", "Solution Sketch": "![](https://www.cloudcomputingpatterns.org/sketches/content_distribution_network_sketch.png)", "Driving Question": "How can timely access to an application be ensured for a globally distributed user group?"}', 'https://www.cloudcomputingpatterns.org/icons/content_distribution_network_icon.png', '54ebf6d5-e9df-44c6-ae31-f84e9bfb2d9f');
INSERT INTO public.pattern (id, name, uri, content, icon_url, pattern_language_id) VALUES ('c1571e05-0349-4984-b009-d3967e1ea1f5', 'Hybrid User Interface', 'https://patternpedia.org/patternLanguages/cloudComputingPatterns/hybridUserInterface', '{"Icon": "![](https://www.cloudcomputingpatterns.org/icons/hybrid_user_interface_icon.png)", "Intend": "Varying workload from a user group interacting asynchronously with an application is handled in an elastic environment while the remainder of an application resides in a static environment.", "Context": "An application serves user groups with different workload behavior. One user group generates Static Workload, while another user group generates Periodic Workload, Once-in-a-lifetime Workload, Unpredictable Workload, or Continuously Changing Workload. Since the predictability of the user group size and workload behavior differs, it shall be ensured that unexpected peak workloads do not affect the performance of the application while each user group is handled by the most suitable cloud environment.", "Solution": "The User Interface Component serving users generating varying workload is hosted in an elastic cloud environment. Other application components that are hosted in a static environment. The user interface deployed in the elastic cloud is integrated with the remainder of the application in a decoupled fashion using messaging to ensure Loose Coupling.", "Solution Sketch": "![](https://www.cloudcomputingpatterns.org/sketches/hybrid_user_interface_sketch.png)", "Driving Question": "How can a user interface for asynchronous interaction be hosted in a cloud while being integrated with an application otherwise hosted in a static data center?"}', 'https://www.cloudcomputingpatterns.org/icons/hybrid_user_interface_icon.png', '54ebf6d5-e9df-44c6-ae31-f84e9bfb2d9f');
INSERT INTO public.pattern (id, name, uri, content, icon_url, pattern_language_id) VALUES ('d3068dad-e38d-4aee-b2bd-3df7fefbe376', 'Hybrid Processing', 'https://patternpedia.org/patternLanguages/cloudComputingPatterns/hybridProcessing', '{"Icon": "![](https://www.cloudcomputingpatterns.org/icons/hybrid_processing_icon.png)", "Intend": "Processing functionality that experiences varying workload is hosted in an elastic cloud while the remainder of an application resides in a static environment.", "Context": "A Distributed Application provides processing functionality that experience different workload behavior. The user group accessing the application is, thus, predictable in size, but accesses the functions provided by the application differently. While most of the functions are used equally over time and, therefore, experience Static Workload, some Processing Components experience Periodic Workload, Unpredictable Workload, or Continuously Changing Workload.", "Solution": "The Processing Components experiencing varying workloads are provisioned in an elastic cloud. Loose Coupling is ensured by exchanging information between the hosting environments asynchronously via messages.r your input for this section here.", "Solution Sketch": "![](https://www.cloudcomputingpatterns.org/sketches/hybrid_processing_sketch.png)", "Driving Question": "How can Processing Components that experiences varying workload be hosted in an elastic cloud while the remainder of an application is hosted in a static data center?"}', 'https://www.cloudcomputingpatterns.org/icons/hybrid_processing_icon.png', '54ebf6d5-e9df-44c6-ae31-f84e9bfb2d9f');
INSERT INTO public.pattern (id, name, uri, content, icon_url, pattern_language_id) VALUES ('26417c59-112e-47db-9011-daebb84986b4', 'Hybrid Backup', 'https://patternpedia.org/patternLanguages/cloudComputingPatterns/hybridBackup', '{"Icon": "![](https://www.cloudcomputingpatterns.org/icons/hybrid_backup_icon.png)", "Intend": "Data is periodically extracted from an application to be archived in an elastic cloud for disaster recovery purposes.", "Context": "Many applications are used by small and medium businesses which do not have the required IT skills to host and maintain their own highly available infrastructure. Especially, requirements regarding business resiliency – the ability to recover from an error – and business continuity – the ability to operate during an error – are challenging. Furthermore, there are laws and regulations making businesses liable to archive data and keep it accessible for audits, often over very long periods of time.", "Solution": "A Distributed Application is hosted in a local static environment of the company. Data handled by Stateful Components is periodically extracted and replicated to a cloud storage offering.", "Solution Sketch": "![](https://www.cloudcomputingpatterns.org/sketches/hybrid_backup_sketch.png)", "Driving Question": "How can data be archived in a remote environment while the remainder of the application is hosted in a static environment?"}', 'https://www.cloudcomputingpatterns.org/icons/hybrid_backup_icon.png', '54ebf6d5-e9df-44c6-ae31-f84e9bfb2d9f');
INSERT INTO public.pattern (id, name, uri, content, icon_url, pattern_language_id) VALUES ('c0d045c2-c388-49f2-a895-89e1afbfc5c9', 'Hybrid Backend', 'https://patternpedia.org/patternLanguages/cloudComputingPatterns/hybridBackend', '{"Icon": "![](https://www.cloudcomputingpatterns.org/icons/hybrid_backend_icon.png)", "Intend": "Backend functionality comprised of data intensive processing and data storage is experiencing varying workloads and is hosted in an elastic cloud while the rest of an application is hosted in a static data center.", "Context": "A Distributed Application provides processing functionality that experiences varying workload behavior. Mainly, Static Workload has to be handled, but some Processing Components experience Periodic Workload, Unpredictable Workload, or Continuously Changing Workload. Application components providing the respective processing functionality experiencing varying workload should, therefore, be hosted in an elastic environment. However, these components have to access large amounts of data during their execution making them highly dependent on the availability and the timely access to such data.", "Solution": "The Processing Components experiencing varying workloads are hosted in an elastic cloud together with the data accessed during their operation. Processing Components in the elastic cloud are triggered from the static environment through asynchronous messages exchanged via message queues provided by a Message-oriented Middleware. A Data Access Component in the static environment ensures that data required by elastic Processing Components is stored in Storage Offerings The location where this data is stored may then be passed to the elastic Processing Components during their enactment via messages. Data that is not required by the backend functionality may still be stored in Stateful Components hosted in the static data center.", "Solution Sketch": "![](https://www.cloudcomputingpatterns.org/sketches/hybrid_backend_sketch.png)", "Driving Question": "How can Processing Components that experience varying workload and need access to large amounts of data be hosted in an elastic environment while the remainder of the application is hosted in a static environment?"}', 'https://www.cloudcomputingpatterns.org/icons/hybrid_backend_icon.png', '54ebf6d5-e9df-44c6-ae31-f84e9bfb2d9f');
INSERT INTO public.pattern (id, name, uri, content, icon_url, pattern_language_id) VALUES ('aa333db3-2245-4298-a2fb-8c72c0cd35e7', 'Hybrid Application Functions', 'https://patternpedia.org/patternLanguages/cloudComputingPatterns/hybridApplicationFunctions', '{"Icon": "![](https://www.cloudcomputingpatterns.org/icons/hybrid_application_functions_icon.png)", "Intend": "Some application functionality provided by user interfaces, processing, and data handling is experiencing varying workload and is hosted in an elastic cloud while other application functionality of the same type is hosted in a static environment.", "Context": "Application components comprising a Distributed Application experience varying workloads on all layers of the application stack: User Interface Components, Processing Components, and Data Access Components. All of these components provide functionality to the user group of the application, but this user group accesses functionality differently. In addition to the workload requirements other issues, such as legal and corporate regulations or requirements on security, privacy, and trust may limit the environments to which an application component may be provisioned.", "Solution": "Application components are grouped regarding similar requirements and are deployed into best fitting environments. Interdependencies between the components are reduced by exchanging data using asynchronous messaging to ensure Loose Coupling. Depending on the accessed function, a load balancer redirects user accesses to the different environments seamlessly.", "Solution Sketch": "![](https://www.cloudcomputingpatterns.org/sketches/hybrid_application_functions_sketch.png)", "Driving Question": "How can arbitrary functionality of an application be distributed among static data centers and elastic clouds best matching its requirements?"}', 'https://www.cloudcomputingpatterns.org/icons/hybrid_application_functions_icon.png', '54ebf6d5-e9df-44c6-ae31-f84e9bfb2d9f');
INSERT INTO public.pattern (id, name, uri, content, icon_url, pattern_language_id) VALUES ('11e292e0-e966-4814-98f9-b6094730aadf', 'Hybrid Multimedia Web Application', 'https://patternpedia.org/patternLanguages/cloudComputingPatterns/hybridMultimediaWebApplication', '{"Icon": "![](https://www.cloudcomputingpatterns.org/icons/hybrid_multimedia_web_application_icon.png)", "Intend": "Website content is largely provided from a static environment. Multimedia files that cannot be cached efficiently are provided from a large distributed elastic environment for high-performance access.", "Context": "A Distributed Application provides a website accessed by a large globally distributed user group. While most of the website is comprised of static content, there is also a significant amount of multimedia content, such as videos or music that has to be streamed to users.", "Solution": "Static website content is hosted in a static environment from where it is accessed by users. The streaming content is provided by an elastic cloud environment where it is accessed from the application’s User Interface Component. The static content is provided to users’ client software and in this static content, the multimedia content is referenced. Retrieval of this streaming content is often handled directly by the users’ browser software.", "Solution Sketch": "![](https://www.cloudcomputingpatterns.org/sketches/hybrid_multimedia_web_application_sketch.png)", "Driving Question": "How can non-cacheable content be integrated efficiently in a website that is accessed by a large globally distributed user group?"}', 'https://www.cloudcomputingpatterns.org/icons/hybrid_multimedia_web_application_icon.png', '54ebf6d5-e9df-44c6-ae31-f84e9bfb2d9f');
INSERT INTO public.pattern (id, name, uri, content, icon_url, pattern_language_id) VALUES ('8efa953d-f5f9-44fc-a0be-46016c4015ec', 'Hybrid Development Environment', 'https://patternpedia.org/patternLanguages/cloudComputingPatterns/hybridDevelopmentEnvironment', '{"Icon": "![](https://www.cloudcomputingpatterns.org/icons/hybrid_development_environment_icon.png)", "Intend": "A production runtime environment is replicated and mocked in an elastic environment where new applications can be developed and tested.", "Context": "Applications have different requirements on the runtime environment during their development, test, and production phase. During development, hardware requirements are often uncertain, so hardware resources should be flexible to extend resources if necessary. During the test phase, diverse test systems may be needed to verify the proper functioning of the application on different operating systems or when being accessed using different client software, i.e., different browsers. Large numbers of resources may also be required to perform load tests. During the productive use other factors, such as security and availability may be of greater importance than resource flexibility.", "Solution": "The production environment of the application is simulated in the development and test environment through the use of equivalent addressing, similar mocking data, and equivalent functionality provided by the environment. Migration of developed applications is ensured through transformation of application components or compatibility of runtimes. Some testing resources are provided exclusively in the development environment to verify the application behavior under different circumstances.", "Solution Sketch": "![](https://www.cloudcomputingpatterns.org/sketches/hybrid_development_environment_sketch.png)", "Driving Question": "How can an application use different computing environments during its development, test, and production stages?"}', 'https://www.cloudcomputingpatterns.org/icons/hybrid_development_environment_icon.png', '54ebf6d5-e9df-44c6-ae31-f84e9bfb2d9f');


INSERT INTO public.directed_edge (id, description, type, pattern_language_id, source_id, target_id) VALUES ('327ee238-9e58-48c1-af6d-e59a51b8ae36', 'null', 'isRelatedTo', '54ebf6d5-e9df-44c6-ae31-f84e9bfb2d9f', '02850d67-27d5-45b0-847b-2385a1ad0f6e', 'aadf394b-bab3-4511-8a74-8a236ba37b4f');
INSERT INTO public.directed_edge (id, description, type, pattern_language_id, source_id, target_id) VALUES ('21c379d3-5481-4d7e-98a3-65bbc95f9d94', 'null', 'isRelatedTo', '54ebf6d5-e9df-44c6-ae31-f84e9bfb2d9f', '02850d67-27d5-45b0-847b-2385a1ad0f6e', 'e2abc560-342b-4521-bdaa-0804b71796cb');
INSERT INTO public.directed_edge (id, description, type, pattern_language_id, source_id, target_id) VALUES ('0079b0fb-7991-48e3-9dd4-cd96ef13c5d0', 'null', 'isRelatedTo', '54ebf6d5-e9df-44c6-ae31-f84e9bfb2d9f', '02850d67-27d5-45b0-847b-2385a1ad0f6e', '84ba173c-577b-4f7c-8d81-7d038222f645');
INSERT INTO public.directed_edge (id, description, type, pattern_language_id, source_id, target_id) VALUES ('7c3bfe89-7a0a-42a8-9988-c55e0b981440', 'null', 'isRelatedTo', '54ebf6d5-e9df-44c6-ae31-f84e9bfb2d9f', '02850d67-27d5-45b0-847b-2385a1ad0f6e', '7e0b759e-47c5-4a08-b916-760d6985a8b9');
INSERT INTO public.directed_edge (id, description, type, pattern_language_id, source_id, target_id) VALUES ('e69f0c4a-9559-48f0-975d-2883f5fb2037', 'null', 'isRelatedTo', '54ebf6d5-e9df-44c6-ae31-f84e9bfb2d9f', '02850d67-27d5-45b0-847b-2385a1ad0f6e', '13c85149-7c0a-4b59-b784-efb0a6128a06');
INSERT INTO public.directed_edge (id, description, type, pattern_language_id, source_id, target_id) VALUES ('a9993ec4-7352-4445-af71-9cc635a17922', 'null', 'isRelatedTo', '54ebf6d5-e9df-44c6-ae31-f84e9bfb2d9f', '02850d67-27d5-45b0-847b-2385a1ad0f6e', '4bf4daf7-12de-40d7-b701-db2150082ae7');
INSERT INTO public.directed_edge (id, description, type, pattern_language_id, source_id, target_id) VALUES ('c519040a-2160-45eb-9471-9ff4e7b01d58', 'null', 'isRelatedTo', '54ebf6d5-e9df-44c6-ae31-f84e9bfb2d9f', '02850d67-27d5-45b0-847b-2385a1ad0f6e', 'f0baf4fd-0cc9-4e66-bea3-0d9e520252f0');
INSERT INTO public.directed_edge (id, description, type, pattern_language_id, source_id, target_id) VALUES ('70d6b856-af0a-47e5-a10a-5ba2611646b2', 'null', 'isRelatedTo', '54ebf6d5-e9df-44c6-ae31-f84e9bfb2d9f', 'bdeb59ab-0e6c-4a5b-8cd5-1e7c38ce073e', 'bdeb59ab-0e6c-4a5b-8cd5-1e7c38ce073e');
INSERT INTO public.directed_edge (id, description, type, pattern_language_id, source_id, target_id) VALUES ('5ff87ab7-03e0-4c96-9784-27b83e376f66', 'null', 'isRelatedTo', '54ebf6d5-e9df-44c6-ae31-f84e9bfb2d9f', 'bdeb59ab-0e6c-4a5b-8cd5-1e7c38ce073e', 'e2abc560-342b-4521-bdaa-0804b71796cb');
INSERT INTO public.directed_edge (id, description, type, pattern_language_id, source_id, target_id) VALUES ('a8968a7e-1dbc-47c2-b9b2-448ae1289f0a', 'null', 'isRelatedTo', '54ebf6d5-e9df-44c6-ae31-f84e9bfb2d9f', 'bdeb59ab-0e6c-4a5b-8cd5-1e7c38ce073e', 'a6f54844-5cbe-4c6f-b76e-e43fe70dbb33');
INSERT INTO public.directed_edge (id, description, type, pattern_language_id, source_id, target_id) VALUES ('08403dd7-d41c-4540-9f6d-5ae122845fe0', 'null', 'isRelatedTo', '54ebf6d5-e9df-44c6-ae31-f84e9bfb2d9f', 'fff9c453-2ed5-4354-a9f3-7ef43a52cdeb', 'fff9c453-2ed5-4354-a9f3-7ef43a52cdeb');
INSERT INTO public.directed_edge (id, description, type, pattern_language_id, source_id, target_id) VALUES ('2572c09e-b85a-46c7-b38e-fc444ef782fa', 'null', 'isRelatedTo', '54ebf6d5-e9df-44c6-ae31-f84e9bfb2d9f', 'fff9c453-2ed5-4354-a9f3-7ef43a52cdeb', 'aadf394b-bab3-4511-8a74-8a236ba37b4f');
INSERT INTO public.directed_edge (id, description, type, pattern_language_id, source_id, target_id) VALUES ('ee71cd21-8d83-4516-a2c7-1275af041999', 'null', 'isRelatedTo', '54ebf6d5-e9df-44c6-ae31-f84e9bfb2d9f', '15367d15-12e2-495c-8311-2dadbf4da398', '15367d15-12e2-495c-8311-2dadbf4da398');
INSERT INTO public.directed_edge (id, description, type, pattern_language_id, source_id, target_id) VALUES ('93ee235d-91c9-4678-8d03-b3a3debd2d62', 'null', 'isRelatedTo', '54ebf6d5-e9df-44c6-ae31-f84e9bfb2d9f', '52d83912-c6d9-4169-938f-b625d07f22af', '2ac98a08-7a62-47a3-862e-c1e2511d48d3');
INSERT INTO public.directed_edge (id, description, type, pattern_language_id, source_id, target_id) VALUES ('352220bc-1b15-4c6a-94f3-d4e0fecae5bc', 'null', 'isRelatedTo', '54ebf6d5-e9df-44c6-ae31-f84e9bfb2d9f', '52d83912-c6d9-4169-938f-b625d07f22af', '63de095c-653d-4946-b45e-fa5c42dca797');
INSERT INTO public.directed_edge (id, description, type, pattern_language_id, source_id, target_id) VALUES ('af61ecf7-42e6-4d10-a2f8-f734fa42636e', 'null', 'isRelatedTo', '54ebf6d5-e9df-44c6-ae31-f84e9bfb2d9f', 'cfd7186c-78ec-4ec2-a2a7-244d952839cf', 'aa29bb96-a665-4b27-b7b9-e057d5a59b62');
INSERT INTO public.directed_edge (id, description, type, pattern_language_id, source_id, target_id) VALUES ('7d82c80c-f8f7-40a4-af09-c1d8f8281be1', 'null', 'isRelatedTo', '54ebf6d5-e9df-44c6-ae31-f84e9bfb2d9f', 'cfd7186c-78ec-4ec2-a2a7-244d952839cf', 'e5f8faa2-5d40-4d36-8f76-4fcaee493bb2');
INSERT INTO public.directed_edge (id, description, type, pattern_language_id, source_id, target_id) VALUES ('68f375b6-0580-434c-8b56-d0e0eb3f31a8', 'null', 'isRelatedTo', '54ebf6d5-e9df-44c6-ae31-f84e9bfb2d9f', '5802a300-483f-4340-839e-d2d6cb6633ef', 'da1ceb0a-e0db-4d70-bff7-fa505ad855e1');
INSERT INTO public.directed_edge (id, description, type, pattern_language_id, source_id, target_id) VALUES ('8e05aad2-db84-427e-92f9-7d62f1938bfb', 'null', 'isRelatedTo', '54ebf6d5-e9df-44c6-ae31-f84e9bfb2d9f', '5802a300-483f-4340-839e-d2d6cb6633ef', 'ec9c797d-e49c-442f-9124-2d88f7100135');
INSERT INTO public.directed_edge (id, description, type, pattern_language_id, source_id, target_id) VALUES ('e074c996-10c5-40b9-afe1-3e913bcd0410', 'null', 'isRelatedTo', '54ebf6d5-e9df-44c6-ae31-f84e9bfb2d9f', '5802a300-483f-4340-839e-d2d6cb6633ef', 'c391cc26-66e0-4bce-a68b-f5c89b8fc25d');
INSERT INTO public.directed_edge (id, description, type, pattern_language_id, source_id, target_id) VALUES ('23093c8c-629b-48ad-92b0-ee7cc2b66af3', 'null', 'isRelatedTo', '54ebf6d5-e9df-44c6-ae31-f84e9bfb2d9f', '5802a300-483f-4340-839e-d2d6cb6633ef', 'd7300f66-0b64-4523-a36a-5e2a22e6b234');
INSERT INTO public.directed_edge (id, description, type, pattern_language_id, source_id, target_id) VALUES ('d75a9e10-cad1-4c81-9b9a-76ff694f490c', 'null', 'isRelatedTo', '54ebf6d5-e9df-44c6-ae31-f84e9bfb2d9f', 'aadf394b-bab3-4511-8a74-8a236ba37b4f', '52d83912-c6d9-4169-938f-b625d07f22af');
INSERT INTO public.directed_edge (id, description, type, pattern_language_id, source_id, target_id) VALUES ('2922b0c2-ec44-4309-b319-5043c3574b3c', 'null', 'isRelatedTo', '54ebf6d5-e9df-44c6-ae31-f84e9bfb2d9f', 'aadf394b-bab3-4511-8a74-8a236ba37b4f', 'cfd7186c-78ec-4ec2-a2a7-244d952839cf');
INSERT INTO public.directed_edge (id, description, type, pattern_language_id, source_id, target_id) VALUES ('5ed3050e-9cd3-4c73-afe3-ecb61a25d1b5', 'null', 'isRelatedTo', '54ebf6d5-e9df-44c6-ae31-f84e9bfb2d9f', 'e2abc560-342b-4521-bdaa-0804b71796cb', '52d83912-c6d9-4169-938f-b625d07f22af');
INSERT INTO public.directed_edge (id, description, type, pattern_language_id, source_id, target_id) VALUES ('8814f956-dd01-4541-8284-508f7680f613', 'null', 'isRelatedTo', '54ebf6d5-e9df-44c6-ae31-f84e9bfb2d9f', 'e2abc560-342b-4521-bdaa-0804b71796cb', 'cfd7186c-78ec-4ec2-a2a7-244d952839cf');


INSERT INTO public.pattern_language (id, name, uri, graph, logo, creative_commons_reference) VALUES ('f6b807aa-5905-4435-aec6-324355a0483f', 'Enterprise Integration Patterns', 'https://patternpedia.org/patternLanguages/eip','[{"x": 298.04036505554365, "y": 1802.937713972551, "id": "c56361d3-4230-4653-942b-fc8ac7488bf9", "vx": -0.019885748351522677, "vy": -0.17677951094778305,"uri": "https://patternpedia.org/patternLanguages/eip/message", "type": "default", "index": 0, "title": "Message"},{"x": 148.03915383581392, "y": 1773.8458991147575, "id": "19c5ed05-1a24-4971-9aac-390e1931f010", "vx": 0.05483076803328695, "vy": -0.1487282805558399, "uri": "https://patternpedia.org/patternLanguages/eip/commandMessage", "type": "default", "index": 1, "title": "Command Message"}, {"x": 1820.8113205095242, "y": 660.01273613395, "id": "b14e9775-09ad-4019-b5db-dd9670221679", "vx": -0.13298358233207336, "vy": -0.049040694708064644, "uri": "https://patternpedia.org/patternLanguages/eip/documentMessage", "type": "default", "index": 2, "title": "Document Message"}, {"x": 689.6394462095757, "y": -1040.152463377981, "id": "f3afc386-7c81-41d1-9b94-a06a49deb965", "vx": 0.04238765490394163, "vy": 0.18460440161932798, "uri": "https://patternpedia.org/patternLanguages/eip/eventMessage", "type": "default", "index": 3, "title": "Event Message"}, {"x": -639.6023241157444, "y": 1361.660869587724, "id": "ef45bb4d-7f1a-4840-9783-aa22ed40032a", "vx": 0.16137796937308346, "vy": -0.11175636614690963, "uri": "https://patternpedia.org/patternLanguages/eip/request-reply", "type": "default", "index": 4, "title": "Request-Reply"}, {"x": -743.6311632764131, "y": 920.2416602240206, "id": "ea7c0692-6545-40e3-8cf8-f4c828c5fce8", "vx": 0.07305291998542814, "vy": 0.035741144357581064, "uri": "https://patternpedia.org/patternLanguages/eip/returnAddress", "type": "default", "index": 5, "title": "Return Address"}, {"x": 1104.1617600145587, "y": -772.288615649231, "id": "330ba4a6-411d-4d44-913a-2805a9f21cf7", "vx": 0.01981439202254048, "vy": 0.0749061245855654, "uri": "https://patternpedia.org/patternLanguages/eip/correlationIdentifier", "type": "default", "index": 6, "title": "Correlation Identifier"}, {"x": 1486.42031172661, "y": 1329.0169513543838, "id": "acb053d6-b8be-4bce-b62d-3a8aa10b9a0d", "vx": -0.09952106515577937, "vy": -0.11203143931067473, "uri": "https://patternpedia.org/patternLanguages/eip/messageSequence", "type": "default", "index": 7, "title": "Message Sequence"}, {"x": 516.3225724361316, "y": -1033.8670662217962, "id": "c34d4c11-da4f-445d-8682-1c92dcfbb6be", "vx": 0.08251748346343382, "vy": 0.1676691856099125, "uri": "https://patternpedia.org/patternLanguages/eip/messageExpiration", "type": "default", "index": 8, "title": "Message Expiration"}, {"x": -280.5148974374001, "y": 1692.989884615335, "id": "01d63259-109f-4136-878d-77e503ac8a11", "vx": 0.07638220764892445, "vy": -0.12379447472820737, "uri": "https://patternpedia.org/patternLanguages/eip/formatIndicator", "type": "default", "index": 9, "title": "Format Indicator"}, {"x": 1062.985369554234, "y": -925.0433199118725, "id": "1a1b9319-e303-431d-91c3-f4a3b6189982", "vx": -0.06463810615855227, "vy": 0.19279933608443328, "uri": "https://patternpedia.org/patternLanguages/eip/pipesAndFilters", "type": "default", "index": 10, "title": "Pipes and Filters"}, {"x": -909.5284343549644, "y": 1037.5906114588881, "id": "9bafcace-20a3-4726-963b-06d09437c677", "vx": 0.22265307749601215, "vy": -0.04842155749808409, "uri": "https://patternpedia.org/patternLanguages/eip/messageRouter", "type": "default", "index": 11, "title": "Message Router"}, {"x": -132.57681990622717, "y": 1668.9533379978207, "id": "26c8f1cb-a592-415e-846e-22f2ee761c8f", "vx": 0.06726215561192266, "vy": -0.1906902792579279, "uri": "https://patternpedia.org/patternLanguages/eip/messageStore", "type": "default", "index": 12, "title": "Message Store"}, {"x": -466.0401851558957, "y": 1484.609781103876, "id": "d89d5a40-b864-4d97-9b44-211ed25c4f98", "vx": 0.08321795330859852, "vy": -0.1242086546383932, "uri": "https://patternpedia.org/patternLanguages/eip/content-basedRouter", "type": "default", "index": 13, "title": "Content-Based Router"}, {"x": 1319.8094728403055, "y": -559.1053376755715, "id": "9c49472d-47fc-417e-b75a-512d57e76870", "vx": -0.040541588152538, "vy": -0.02396893759551367, "uri": "https://patternpedia.org/patternLanguages/eip/messageFilter", "type": "default", "index": 14, "title": "Message Filter"}, {"x": 1254.579427336354, "y": -772.6848051584618, "id": "be9c4245-79db-40cd-a0d4-c750c3a822b6", "vx": -0.13756574491303183, "vy": 0.14281364190893125, "uri": "https://patternpedia.org/patternLanguages/eip/dynamicRouter", "type": "default", "index": 15, "title": "Dynamic Router"}, {"x": 1518.5814679797375, "y": -462.8262258671644, "id": "0b8fa48f-6ccf-48ef-ac0b-3dadadad40bf", "vx": -0.12662278041438021, "vy": -0.025750309883191914, "uri": "https://patternpedia.org/patternLanguages/eip/recipientList", "type": "default", "index": 16, "title": "Recipient List"}, {"x": 1533.6889371564482, "y": -748.6129333455057, "id": "7d28fe21-466a-4e22-9851-374e9cb93cd9", "vx": -0.15960650927613626, "vy": 0.15353561450697242, "uri": "https://patternpedia.org/patternLanguages/eip/splitter", "type": "default", "index": 17, "title": "Splitter"}, {"x": 1389.5171108598013, "y": -707.1846472833681, "id": "db5033cf-c13f-47b1-a617-aea77a0d5864", "vx": -0.15327141777397485, "vy": 0.17480927038417693, "uri": "https://patternpedia.org/patternLanguages/eip/aggregator", "type": "default", "index": 18, "title": "Aggregator"}, {"x": 954.2270954938591, "y": -776.7149106173324, "id": "8c047398-63a1-4940-a5c5-c44834f48516", "vx": 0.02160767042763977, "vy": 0.013716929708125465, "uri": "https://patternpedia.org/patternLanguages/eip/resequencer", "type": "default", "index": 19, "title": "Resequencer"}, {"x": 1593.6849711861116, "y": -596.4986607213865, "id": "885ade35-d310-421a-98b8-877e27e51531", "vx": -0.24048697893886323, "vy": 0.06647600580446138, "uri": "https://patternpedia.org/patternLanguages/eip/composedMessageProcessor", "type": "default", "index": 20, "title": "Composed Message Processor"}, {"x": -66.3261130337272, "y": -872.6454969595952, "id": "ba3aaa33-9010-459f-acb5-5452788e9abc", "vx": 0.08942460415749702, "vy": 0.08222086359232825, "uri": "https://patternpedia.org/patternLanguages/eip/scatter-gather", "type": "default", "index": 21, "title": "Scatter-Gather"}, {"x": -924.006891632058, "y": 608.6759498166731, "id": "c7e15bdd-a5f3-486d-8e3d-f3117f39eb1a", "vx": 0.14761302795650966, "vy": 0.0443975159088782, "uri": "https://patternpedia.org/patternLanguages/eip/routingSlip", "type": "default", "index": 22, "title": "Routing Slip"}, {"x": 617.5994825291057, "y": 1780.9943668963765, "id": "53adbbff-f4d6-4bd7-8b90-475f57913c1a", "vx": -0.08465465779506463, "vy": -0.1566374917278702, "uri": "https://patternpedia.org/patternLanguages/eip/processManager", "type": "default", "index": 23, "title": "Process Manager"}, {"x": 600.2598368880444, "y": -906.7437256257422, "id": "329b49fc-de79-4d63-97ca-87a8f83ef1e2", "vx": 0.07346707295400215, "vy": 0.03377067297410094, "uri": "https://patternpedia.org/patternLanguages/eip/messageBroker", "type": "default", "index": 24, "title": "Message Broker"}, {"x": 1658.7276181883744, "y": -318.4610152747336, "id": "29f4224d-6b91-4218-aed6-0db3e5fa9dc2", "vx": -0.18084586824227458, "vy": -0.03749181268432971, "uri": "https://patternpedia.org/patternLanguages/eip/messageTranslator", "type": "default", "index": 25, "title": "Message Translator"}, {"x": -241.93239023855992, "y": 1502.2873995097827, "id": "658b6fce-40b0-4f05-a2da-2fd3e33684fb", "vx": 0.027592861717566888, "vy": -0.04235414229853039, "uri": "https://patternpedia.org/patternLanguages/eip/envelopeWrapper", "type": "default", "index": 26, "title": "Envelope Wrapper"}, {"x": -224.11071535677522, "y": -833.133578278125, "id": "b3418862-26a6-4bbb-b546-c12f48c45b16", "vx": 0.11383906887567266, "vy": 0.10133204957171371, "uri": "https://patternpedia.org/patternLanguages/eip/contentEnricher", "type": "default", "index": 27, "title": "Content Enricher"}, {"x": 1697.326555218191, "y": 1009.2510247966235, "id": "26bc2583-1c9f-4d6e-9968-e5aa0e8ab82f", "vx": -0.11955117830816817, "vy": -0.08629299548770301, "uri": "https://patternpedia.org/patternLanguages/eip/contentFilter", "type": "default", "index": 28, "title": "Content Filter"}, {"x": 822.01488769755, "y": -1139.6936574029728, "id": "6c3f4121-65c2-444e-9d5a-f16f47fd2ed5", "vx": -0.007416664631373944, "vy": 0.2650276210470477, "uri": "https://patternpedia.org/patternLanguages/eip/claimCheck", "type": "default", "index": 29, "title": "Claim Check"}, {"x": 1627.224527979427, "y": -167.26270316760085, "id": "89dd6672-dd42-470b-8e84-129e4ec7540c", "vx": -0.10138622697458376, "vy": -0.08452650813997459, "uri": "https://patternpedia.org/patternLanguages/eip/normalizer", "type": "default", "index": 30, "title": "Normalizer"}, {"x": -877.0232705111991, "y": 48.19725153408291, "id": "98ccd4dc-86a8-4652-b2c1-5b83b6f078e1", "vx": 0.13359930388932642, "vy": -0.02569984010279126, "uri": "https://patternpedia.org/patternLanguages/eip/canonicalDataModel", "type": "default", "index": 31, "title": "Canonical Data Model"}, {"x": 937.5691258414522, "y": -1020.5028676102867, "id": "3953e924-30f6-4561-8e02-e761b417c1d4", "vx": -0.03646632005887378, "vy": 0.21100339490999356, "uri": "https://patternpedia.org/patternLanguages/eip/messageEndpoint", "type": "default", "index": 32, "title": "Message Endpoint"}, {"x": -907.5789133398443, "y": -142.32764412581633, "id": "02fc1261-b7d6-4d85-89ef-c987ab92f3d4", "vx": 0.17781912128684388, "vy": 0.025624955673467273, "uri": "https://patternpedia.org/patternLanguages/eip/messagingGateway", "type": "default", "index": 33, "title": "Messaging Gateway"}, {"x": 344.2225573511053, "y": -1028.6623461767008, "id": "29acda13-a41f-4270-9248-375814889f20", "vx": 0.07469355609696497, "vy": 0.15556176292967588, "uri": "https://patternpedia.org/patternLanguages/eip/messagingMapper", "type": "default", "index": 34, "title": "Messaging Mapper"}, {"x": -633.5880699255893, "y": -436.35267922771897, "id": "a2b0eaca-aa24-4036-b730-265a97043b75", "vx": 0.08547560710430507, "vy": 0.05589513971401422, "uri": "https://patternpedia.org/patternLanguages/eip/transactionalClient", "type": "default", "index": 35, "title": "Transactional Client"}, {"x": 1841.7785857946255, "y": 481.4263660831492, "id": "78b58f38-9075-44a1-8eb4-5ab0ba4b801d", "vx": -0.13603273072646083, "vy": -0.028156646097565442, "uri": "https://patternpedia.org/patternLanguages/eip/pollingConsumer", "type": "default", "index": 36, "title": "Polling Consumer"}, {"x": 10.330668709157093, "y": 1714.5323554436627, "id": "87ae00d9-3fc7-4b9b-ac8b-48b79cbf8f65", "vx": 0.05179964270664616, "vy": -0.14218123550830708, "uri": "https://patternpedia.org/patternLanguages/eip/event-drivenConsumer", "type": "default", "index": 37, "title": "Event-Driven Consumer"}, {"x": 448.6137861923635, "y": 1788.3124948527707, "id": "d9bd086d-030c-4ca4-b6d2-29c2fbf517c8", "vx": -0.05394284279331255, "vy": -0.15857322288686512, "uri": "https://patternpedia.org/patternLanguages/eip/competingConsumers", "type": "default", "index": 38, "title": "Competing Consumers"}, {"x": 812.9398982352516, "y": -873.4662979523505, "id": "7c775873-1ebf-4574-8cb1-29b0c661b8f3", "vx": 0.05286093486526519, "vy": 0.05918240672130098, "uri": "https://patternpedia.org/patternLanguages/eip/messageDispatcher", "type": "default", "index": 39, "title": "Message Dispatcher"}, {"x": 1684.8969586692049, "y": -477.4172879786059, "id": "0ee54310-5f4d-4435-9c34-cf93f742e101", "vx": -0.23759862487415395, "vy": 0.0642636268916017, "uri": "https://patternpedia.org/patternLanguages/eip/selectiveConsumer", "type": "default", "index": 40, "title": "Selective Consumer"}, {"x": 1612.7219874159139, "y": 1183.4268123451373, "id": "ca07715c-696e-4a62-af10-74145ff818f5", "vx": -0.11863538450219434, "vy": -0.09870170374487106, "uri": "https://patternpedia.org/patternLanguages/eip/durableSubscriber", "type": "default", "index": 41, "title": "Durable Subscriber"}, {"x": -758.3467351104819, "y": 1070.2724830716188, "id": "06c5d5cc-5c29-4a74-be75-dfba20cc4f80", "vx": 0.11586530492231317, "vy": -0.037134713089486036, "uri": "https://patternpedia.org/patternLanguages/eip/idempotentReceiver", "type": "default", "index": 42, "title": "Idempotent Receiver"}, {"x": -542.5554043873196, "y": -587.5476757503424, "id": "9167d0da-69ec-40a5-b7f8-5eab25833d70", "vx": 0.10103876507912597, "vy": 0.09377854361276997, "uri": "https://patternpedia.org/patternLanguages/eip/serviceActivator", "type": "default", "index": 43, "title": "Service Activator"}, {"x": 984.7052019446456, "y": 1678.7952633903824, "id": "3b3a9b48-63aa-4523-be3a-6a39fdf4bda7", "vx": -0.08040177980276766, "vy": -0.13841205539352888, "uri": "https://patternpedia.org/patternLanguages/eip/point-to-pointChannel", "type": "default", "index": 45, "title": "Point-to-Point Channel"}, {"x": 1777.7169867095129, "y": -86.73974662793395, "id": "28343b10-ce82-4c1f-aef2-f7d95316b48e", "vx": -0.18943176961618838, "vy": -0.05870159123362771, "uri": "https://patternpedia.org/patternLanguages/eip/publish-subscribeChannel", "type": "default", "index": 46, "title": "Publish-Subscribe Channel"}, {"x": 1363.7671811814864, "y": 1443.3982187980428, "id": "cf3a2b5f-9d7a-4f2c-ba39-ab2911d3a7d7", "vx": -0.06410771557459576, "vy": -0.1427579858419315, "uri": "https://patternpedia.org/patternLanguages/eip/datatypeChannel", "type": "default", "index": 47, "title": "Datatype Channel"}, {"x": -882.4971916987053, "y": 813.1622508021572, "id": "3e74edee-f076-45b3-8247-a5dd19cb24b2", "vx": 0.1617363754216057, "vy": 0.03187058341769303, "uri": "https://patternpedia.org/patternLanguages/eip/invalidMessageChannel", "type": "default", "index": 48, "title": "Invalid Message Channel"}, {"x": -487.35828928133185, "y": 1336.2123714219342, "id": "78185c7d-f353-49ee-b1e2-c2a0bcfc4ed2", "vx": 0.04221073219011812, "vy": -0.11974099713285163, "uri": "https://patternpedia.org/patternLanguages/eip/deadLetterChannel", "type": "default", "index": 49, "title": "Dead Letter Channel"}, {"x": 1832.699308333678, "y": 257.45265044524405, "id": "96ec8c86-c024-4d03-a283-49375e43e086", "vx": -0.1376402554022699, "vy": -0.022372350909187568, "uri": "https://patternpedia.org/patternLanguages/eip/guaranteedDelivery", "type": "default", "index": 50, "title": "Guaranteed Delivery"}, {"x": -414.2376092273117, "y": 1625.3122766657518, "id": "b5c458ea-3a4e-4211-afc9-82510c2cff46", "vx": 0.07160496316938143, "vy": -0.11842329601696104, "uri": "https://patternpedia.org/patternLanguages/eip/channelAdapter", "type": "default", "index": 51, "title": "Channel Adapter"}, {"x": -785.0966333730297, "y": -391.44060298010726, "id": "adcaac7d-a028-4d33-9111-ef3e711637e7", "vx": 0.1714553322447996, "vy": 0.08253991341529301, "uri": "https://patternpedia.org/patternLanguages/eip/messagingBridge", "type": "default", "index": 52, "title": "Messaging Bridge"}, {"x": 1767.8986614428454, "y": 841.6420266909832, "id": "ccb661e2-6c0d-4020-9eb2-abd290230b5b", "vx": -0.12476092731428162, "vy": -0.0633413748467917, "uri": "https://patternpedia.org/patternLanguages/eip/messageBus", "type": "default", "index": 53, "title": "Message Bus"}, {"x": 1378.8088681466847, "y": -856.8019525875206, "id": "712b29e2-411b-4ef8-8f81-6cae15222c07", "vx": -0.1185710485604468, "vy": 0.17235103047935638, "uri": "https://patternpedia.org/patternLanguages/eip/controlBus", "type": "default", "index": 54, "title": "Control Bus"}, {"x": 1177.69168475915, "y": -637.6343629773602, "id": "662ffad9-7dd3-490f-93d2-efb92f74c5ae", "vx": 0.01732875883599718, "vy": -0.025780918761825238, "uri": "https://patternpedia.org/patternLanguages/eip/detour", "type": "default", "index": 55, "title": "Detour"}, {"x": -738.0069307896466, "y": -217.45031180900023, "id": "b244a2fb-1f27-4e6d-8f43-7e512798f299", "vx": 0.09070050305784409, "vy": 0.008675913003745329, "uri": "https://patternpedia.org/patternLanguages/eip/wireTap", "type": "default", "index": 56, "title": "Wire Tap"}, {"x": 204.46498095031282, "y": -953.8005562056516, "id": "84c81b22-765b-4edb-a6e7-c626151e0af8", "vx": 0.07569320074398597, "vy": 0.09088997095368385, "uri": "https://patternpedia.org/patternLanguages/eip/messageHistory", "type": "default", "index": 57, "title": "Message History"}, {"x": 1374.9020706053727, "y": -413.67080798586176, "id": "c699fdf0-f31e-45c0-9d0d-cee2388e1544", "vx": -0.02515993077864633, "vy": -0.09593672854682637, "uri": "https://patternpedia.org/patternLanguages/eip/smartProxy", "type": "default", "index": 58, "title": "Smart Proxy"}, {"x": -357.55607902763427, "y": -734.641528479686, "id": "5778b4ba-4acd-4c94-9c10-d83d80f75d50", "vx": 0.12164700024133385, "vy": 0.07517257111966026, "uri": "https://patternpedia.org/patternLanguages/eip/testMessage", "type": "default", "index": 59, "title": "Test Message"}, {"x": -705.649562907106, "y": 1214.0735645711752, "id": "38b1dd17-c3ff-46c4-b300-2e1c7d542abe", "vx": 0.13453125648565006, "vy": -0.06687967055257289, "uri": "https://patternpedia.org/patternLanguages/eip/channelPurger", "type": "default", "index": 60, "title": "Channel Purger"}, {"x": 563.3134269706416, "y": 1151.1552887887333, "id": "f619a8fd-fff8-4981-8947-48ebaaad993c", "vx": -0.20371875620168947, "vy": 2.988453528363171, "uri": "https://patternpedia.org/patternLanguages/eip/fileTransfer", "type": "default", "index": 61, "title": "File Transfer"}, {"x": 389.84066369242146, "y": 1154.7174151133013, "id": "60e3ca01-0b7a-4785-acd7-3dddad0eea8e", "vx": 0.3342934245123169, "vy": 2.8958511613423696, "uri": "https://patternpedia.org/patternLanguages/eip/sharedDatabase", "type": "default", "index": 62, "title": "Shared Database"}, {"x": 474.0609000573262, "y": 1273.150798176766, "id": "36531ec5-477c-4d74-8d84-43276359aa14", "vx": 0.16626523421607756, "vy": 3.146840137793178, "uri": "https://patternpedia.org/patternLanguages/eip/remoteProcedureInvocation", "type": "default", "index": 63, "title": "Remote Procedure Invocation"}, {"x": 467.956050312267, "y": 1032.8754398728697, "id": "a7e45f3a-e408-4593-9aba-0a724c5ebf26", "vx": 0.2682530429159721, "vy": 2.7236624676760464, "uri": "https://patternpedia.org/patternLanguages/eip/messaging", "type": "default", "index": 64, "title": "Messaging"}]',
'https://images-na.ssl-images-amazon.com/images/I/51SO8Sn59NL._SX376_BO1,204,203,200_.jpg', 'https://www.enterpriseintegrationpatterns.com/');
INSERT INTO public.pattern_schema (pattern_language_id) VALUES ('f6b807aa-5905-4435-aec6-324355a0483f');
INSERT INTO public.pattern_section_schema (id, label, name, position, type, pattern_schema_pattern_language_id) VALUES ('3ce9b308-6bf8-44f0-9e82-b52a74b596bd', 'Icon', 'Icon', 0, 'any', 'f6b807aa-5905-4435-aec6-324355a0483f');
INSERT INTO public.pattern_section_schema (id, label, name, position, type, pattern_schema_pattern_language_id) VALUES ('4e16bd83-a1ee-45be-811e-9bdefe9a95e7', 'Driving Question', 'Driving Question', 1, 'any', 'f6b807aa-5905-4435-aec6-324355a0483f');
INSERT INTO public.pattern_section_schema (id, label, name, position, type, pattern_schema_pattern_language_id) VALUES ('04345c00-198a-4496-ae0c-a35a734042b9', 'Sketch', 'Sketch', 2, 'any', 'f6b807aa-5905-4435-aec6-324355a0483f');
INSERT INTO public.pattern_section_schema (id, label, name, position, type, pattern_schema_pattern_language_id) VALUES ('3ce9b308-6bf8-4445-9e82-b52a74b596bd', 'Solution', 'Solution', 3, 'any', 'f6b807aa-5905-4435-aec6-324355a0483f');


INSERT INTO public.pattern (id, name, uri, content, icon_url, pattern_language_id) VALUES ('c56361d3-4230-4653-942b-fc8ac7488bf9', 'Message', 'https://patternpedia.org/patternLanguages/eip/message', '{"Icon": "![](https://www.enterpriseintegrationpatterns.com/img/MessageIcon.gif)", "Sketch": "![](https://www.enterpriseintegrationpatterns.com/img/MessageSolution.gif)", "Solution": "Package the information into a Message, a data record that the messaging system can transmit through a message channel.", "Driving Question": "How can two applications connected by a message channel exchange a piece of information?"}', 'https://www.enterpriseintegrationpatterns.com/img/MessageIcon.gif', 'f6b807aa-5905-4435-aec6-324355a0483f');
INSERT INTO public.pattern (id, name, uri, content, icon_url, pattern_language_id) VALUES ('19c5ed05-1a24-4971-9aac-390e1931f010', 'Command Message', 'https://patternpedia.org/patternLanguages/eip/commandMessage', '{"Icon": "![](https://www.enterpriseintegrationpatterns.com/img/CommandMessageIcon.gif)", "Sketch": "![](https://www.enterpriseintegrationpatterns.com/img/CommandMessageSolution.gif)", "Solution": "Use a Command Message to reliably invoke a procedure in another application.", "Driving Question": "How can messaging be used to invoke a procedure in another application?"}', 'https://www.enterpriseintegrationpatterns.com/img/CommandMessageIcon.gif', 'f6b807aa-5905-4435-aec6-324355a0483f');
INSERT INTO public.pattern (id, name, uri, content, icon_url, pattern_language_id) VALUES ('b14e9775-09ad-4019-b5db-dd9670221679', 'Document Message', 'https://patternpedia.org/patternLanguages/eip/documentMessage', '{"Icon": "![](https://www.enterpriseintegrationpatterns.com/img/DocumentMessageIcon.gif)", "Sketch": "![](https://www.enterpriseintegrationpatterns.com/img/DocumentMessageSolution.gif)", "Solution": "Use a Document Message to reliably transfer a data structure between applications.", "Driving Question": "How can messaging be used to transfer data between applications?"}', 'https://www.enterpriseintegrationpatterns.com/img/DocumentMessageIcon.gif', 'f6b807aa-5905-4435-aec6-324355a0483f');
INSERT INTO public.pattern (id, name, uri, content, icon_url, pattern_language_id) VALUES ('f3afc386-7c81-41d1-9b94-a06a49deb965', 'Event Message', 'https://patternpedia.org/patternLanguages/eip/eventMessage', '{"Icon": "![](https://www.enterpriseintegrationpatterns.com/img/EventMessageIcon.gif)", "Sketch": "![](https://www.enterpriseintegrationpatterns.com/img/EventMessageSolution.gif)", "Solution": "Use an Event Message for reliable, asynchronous event notification between applications.", "Driving Question": "How can messaging be used to transmit events from one application to another?"}', 'https://www.enterpriseintegrationpatterns.com/img/EventMessageIcon.gif', 'f6b807aa-5905-4435-aec6-324355a0483f');
INSERT INTO public.pattern (id, name, uri, content, icon_url, pattern_language_id) VALUES ('ef45bb4d-7f1a-4840-9783-aa22ed40032a', 'Request-Reply', 'https://patternpedia.org/patternLanguages/eip/request-reply', '{"Icon": "![](https://www.enterpriseintegrationpatterns.com/img/RequestReplyIcon.gif)", "Sketch": "![](https://www.enterpriseintegrationpatterns.com/img/RequestReply.gif)", "Solution": "Send a pair of Request-Reply messages, each on its own channel.", "Driving Question": "When an application sends a message, how can it get a response from the receiver?"}', 'https://www.enterpriseintegrationpatterns.com/img/RequestReplyIcon.gif', 'f6b807aa-5905-4435-aec6-324355a0483f');
INSERT INTO public.pattern (id, name, uri, content, icon_url, pattern_language_id) VALUES ('ea7c0692-6545-40e3-8cf8-f4c828c5fce8', 'Return Address', 'https://patternpedia.org/patternLanguages/eip/returnAddress', '{"Icon": "![](https://www.enterpriseintegrationpatterns.com/img/ReturnAddressIcon.gif)", "Sketch": "![](https://www.enterpriseintegrationpatterns.com/img/ReturnAddressSolution.gif)", "Solution": "The request message should contain a Return Address that indicates where to send the reply message.", "Driving Question": "How does a replier know where to send the reply?"}', 'https://www.enterpriseintegrationpatterns.com/img/ReturnAddressIcon.gif', 'f6b807aa-5905-4435-aec6-324355a0483f');
INSERT INTO public.pattern (id, name, uri, content, icon_url, pattern_language_id) VALUES ('330ba4a6-411d-4d44-913a-2805a9f21cf7', 'Correlation Identifier', 'https://patternpedia.org/patternLanguages/eip/correlationIdentifier', '{"Icon": " ![](https://www.enterpriseintegrationpatterns.com/img/CorrelationIdentifierIcon.gif)", "Sketch": "![](https://www.enterpriseintegrationpatterns.com/img/CorrelationIdentifierSolution.gif)", "Solution": "Each reply message should contain a Correlation Identifier, a unique identifier that indicates which request message this reply is for.", "Driving Question": "How does a requestor that has received a reply know which request this is the reply for?"}', 'https://www.enterpriseintegrationpatterns.com/img/CorrelationIdentifierIcon.gif', 'f6b807aa-5905-4435-aec6-324355a0483f');
INSERT INTO public.pattern (id, name, uri, content, icon_url, pattern_language_id) VALUES ('acb053d6-b8be-4bce-b62d-3a8aa10b9a0d', 'Message Sequence', 'https://patternpedia.org/patternLanguages/eip/messageSequence', '{"Icon": "![](https://www.enterpriseintegrationpatterns.com/img/MessageSequenceIcon.gif)", "Sketch": "![](https://www.enterpriseintegrationpatterns.com/img/MessageSequenceSize.gif)", "Solution": "Whenever a large set of data may need to be broken into message-size chunks, send the data as a Message Sequence and mark each message with sequence identification fields.", "Driving Question": "How can messaging transmit an arbitrarily large amount of data?"}', 'https://www.enterpriseintegrationpatterns.com/img/MessageSequenceIcon.gif', 'f6b807aa-5905-4435-aec6-324355a0483f');
INSERT INTO public.pattern (id, name, uri, content, icon_url, pattern_language_id) VALUES ('c34d4c11-da4f-445d-8682-1c92dcfbb6be', 'Message Expiration', 'https://patternpedia.org/patternLanguages/eip/messageExpiration', '{"Icon": "![](https://www.enterpriseintegrationpatterns.com/img/MessageExpirationIcon.gif)", "Sketch": "![](https://www.enterpriseintegrationpatterns.com/img/MessageExpirationSolution.gif)", "Solution": "Set the Message Expiration to specify a time limit how long the message is viable.", "Driving Question": "How can a sender indicate when a message should be considered stale and thus shouldn’t be processed?"}', 'https://www.enterpriseintegrationpatterns.com/img/MessageExpirationIcon.gif', 'f6b807aa-5905-4435-aec6-324355a0483f');
INSERT INTO public.pattern (id, name, uri, content, icon_url, pattern_language_id) VALUES ('01d63259-109f-4136-878d-77e503ac8a11', 'Format Indicator', 'https://patternpedia.org/patternLanguages/eip/formatIndicator', '{"Icon": "", "Sketch": "", "Solution": "Design a data format that includes a Format Indicator, so that the message specifies what format it is using.", "Driving Question": "How can a message’s data format be designed to allow for possible future changes?"}', '', 'f6b807aa-5905-4435-aec6-324355a0483f');
INSERT INTO public.pattern (id, name, uri, content, icon_url, pattern_language_id) VALUES ('1a1b9319-e303-431d-91c3-f4a3b6189982', 'Pipes and Filters', 'https://patternpedia.org/patternLanguages/eip/pipesAndFilters', '{"Icon": " ![](https://www.enterpriseintegrationpatterns.com/img/PipesAndFiltersIcon.gif)", "Sketch": "![](https://www.enterpriseintegrationpatterns.com/img/PipesAndFilters.gif)", "Solution": "Use the Pipes and Filters architectural style to divide a larger processing task into a sequence of smaller, independent processing steps (Filters) that are connected by channels (Pipes).", "Driving Question": "How can we perform complex processing on a message while maintaining independence and flexibility?"}', 'https://www.enterpriseintegrationpatterns.com/img/PipesAndFiltersIcon.gif', 'f6b807aa-5905-4435-aec6-324355a0483f');
INSERT INTO public.pattern (id, name, uri, content, icon_url, pattern_language_id) VALUES ('9bafcace-20a3-4726-963b-06d09437c677', 'Message Router', 'https://patternpedia.org/patternLanguages/eip/messageRouter', '{"Icon": "![](https://www.enterpriseintegrationpatterns.com/img/ContentBasedRouterIcon.gif)", "Sketch": "![](https://www.enterpriseintegrationpatterns.com/img/MessageRouter.gif)", "Solution": "Insert a special filter, a Message Router, which consumes a Message from one Message Channel and republishes it to a different Message Channel channel depending on a set of conditions.", "Driving Question": "How can you decouple individual processing steps so that messages can be passed to different filters depending on a set of conditions?"}', 'https://www.enterpriseintegrationpatterns.com/img/ContentBasedRouterIcon.gif', 'f6b807aa-5905-4435-aec6-324355a0483f');
INSERT INTO public.pattern (id, name, uri, content, icon_url, pattern_language_id) VALUES ('26c8f1cb-a592-415e-846e-22f2ee761c8f', 'Message Store', 'https://patternpedia.org/patternLanguages/eip/messageStore', '{"Icon": "![](https://www.enterpriseintegrationpatterns.com/img/MessageStoreIcon.gif)", "Sketch": "![](https://www.enterpriseintegrationpatterns.com/img/MessageStore.gif)", "Solution": "Use a Message Store to capture information about each message in a central location.", "Driving Question": "How can we report against message information without disturbing the loosely coupled and transient nature of a messaging system?"}', 'https://www.enterpriseintegrationpatterns.com/img/MessageStoreIcon.gif', 'f6b807aa-5905-4435-aec6-324355a0483f');
INSERT INTO public.pattern (id, name, uri, content, icon_url, pattern_language_id) VALUES ('d89d5a40-b864-4d97-9b44-211ed25c4f98', 'Content-Based Router', 'https://patternpedia.org/patternLanguages/eip/content-basedRouter', '{"Icon": "![](https://www.enterpriseintegrationpatterns.com/img/ContentBasedRouterIcon.gif)", "Sketch": "![](https://www.enterpriseintegrationpatterns.com/img/ContentBasedRouter.gif)", "Solution": "Use a Content-Based Router to route each message to the correct recipient based on message content.", "Driving Question": "How do we handle a situation where the implementation of a single logical function (e.g., inventory check) is spread across multiple physical systems?"}', 'https://www.enterpriseintegrationpatterns.com/img/ContentBasedRouterIcon.gif', 'f6b807aa-5905-4435-aec6-324355a0483f');
INSERT INTO public.pattern (id, name, uri, content, icon_url, pattern_language_id) VALUES ('9c49472d-47fc-417e-b75a-512d57e76870', 'Message Filter', 'https://patternpedia.org/patternLanguages/eip/messageFilter', '{"Icon": "![](https://www.enterpriseintegrationpatterns.com/img/MessageFilterIcon.gif)", "Sketch": "![](https://www.enterpriseintegrationpatterns.com/img/MessageFilter.gif)", "Solution": "Use a special kind of Message Router, a Message Filter, to eliminate undesired messages from a channel based on a set of criteria.", "Driving Question": "How can a component avoid receiving uninteresting messages?"}', 'https://www.enterpriseintegrationpatterns.com/img/MessageFilterIcon.gif', 'f6b807aa-5905-4435-aec6-324355a0483f');
INSERT INTO public.pattern (id, name, uri, content, icon_url, pattern_language_id) VALUES ('be9c4245-79db-40cd-a0d4-c750c3a822b6', 'Dynamic Router', 'https://patternpedia.org/patternLanguages/eip/dynamicRouter', '{"Icon": "![](https://www.enterpriseintegrationpatterns.com/img/DynamicRouterIcon.gif)", "Sketch": "![](https://www.enterpriseintegrationpatterns.com/img/DynamicRouter.gif)", "Solution": "Use a Dynamic Router, a Router that can self-configure based on special configuration messages from participating destinations.", "Driving Question": "How can you avoid the dependency of the router on all possible destinations while maintaining its efficiency?"}', 'https://www.enterpriseintegrationpatterns.com/img/DynamicRouterIcon.gif', 'f6b807aa-5905-4435-aec6-324355a0483f');
INSERT INTO public.pattern (id, name, uri, content, icon_url, pattern_language_id) VALUES ('0b8fa48f-6ccf-48ef-ac0b-3dadadad40bf', 'Recipient List', 'https://patternpedia.org/patternLanguages/eip/recipientList', '{"Icon": "![](https://www.enterpriseintegrationpatterns.com/img/RecipientListIcon.gif)", "Sketch": "![](https://www.enterpriseintegrationpatterns.com/img/RecipientList.gif)", "Solution": "Define a channel for each recipient. Then use a Recipient List to inspect an incoming message, determine the list of desired recipients, and forward the message to all channels associated with the recipients in the list.", "Driving Question": "How do we route a message to a list of dynamically specified recipients?"}', 'https://www.enterpriseintegrationpatterns.com/img/RecipientListIcon.gif', 'f6b807aa-5905-4435-aec6-324355a0483f');
INSERT INTO public.pattern (id, name, uri, content, icon_url, pattern_language_id) VALUES ('7d28fe21-466a-4e22-9851-374e9cb93cd9', 'Splitter', 'https://patternpedia.org/patternLanguages/eip/splitter', '{"Icon": "![](https://www.enterpriseintegrationpatterns.com/img/SplitterIcon.gif)", "Sketch": "![](https://www.enterpriseintegrationpatterns.com/img/Sequencer.gif) ", "Solution": "Use a Splitter to break out the composite message into a series of individual messages, each containing data related to one item.", "Driving Question": "How can we process a message if it contains multiple elements, each of which may have to be processed in a different way?"}', 'https://www.enterpriseintegrationpatterns.com/img/SplitterIcon.gif', 'f6b807aa-5905-4435-aec6-324355a0483f');
INSERT INTO public.pattern (id, name, uri, content, icon_url, pattern_language_id) VALUES ('db5033cf-c13f-47b1-a617-aea77a0d5864', 'Aggregator', 'https://patternpedia.org/patternLanguages/eip/aggregator', '{"Icon": "![](https://www.enterpriseintegrationpatterns.com/img/AggregatorIcon.gif)", "Sketch": "![](https://www.enterpriseintegrationpatterns.com/img/Aggregator.gif)", "Solution": "Use a stateful filter, an Aggregator, to collect and store individual messages until a complete set of related messages has been received. Then, the Aggregator publishes a single message distilled from the individual messages.", "Driving Question": "How do we combine the results of individual, but related messages so that they can be processed as a whole?"}', 'https://www.enterpriseintegrationpatterns.com/img/AggregatorIcon.gif', 'f6b807aa-5905-4435-aec6-324355a0483f');
INSERT INTO public.pattern (id, name, uri, content, icon_url, pattern_language_id) VALUES ('8c047398-63a1-4940-a5c5-c44834f48516', 'Resequencer', 'https://patternpedia.org/patternLanguages/eip/resequencer', '{"Icon": "![](https://www.enterpriseintegrationpatterns.com/img/ResequencerIcon.gif)", "Sketch": "![](https://www.enterpriseintegrationpatterns.com/img/Resequencer.gif)", "Solution": "Use a stateful filter, a Resequencer, to collect and re-order messages so that they can be published to the output channel in a specified order.", "Driving Question": "How can we get a stream of related but out-of-sequence messages back into the correct order?"}', 'https://www.enterpriseintegrationpatterns.com/img/ResequencerIcon.gif', 'f6b807aa-5905-4435-aec6-324355a0483f');
INSERT INTO public.pattern (id, name, uri, content, icon_url, pattern_language_id) VALUES ('885ade35-d310-421a-98b8-877e27e51531', 'Composed Message Processor', 'https://patternpedia.org/patternLanguages/eip/composedMessageProcessor', '{"Icon": "![](https://www.enterpriseintegrationpatterns.com/img/DistributionAggregateIcon.gif)", "Sketch": "![](https://www.enterpriseintegrationpatterns.com/img/DistributionAggregate.gif)", "Solution": "Use Composed Message Processor to process a composite message. The Composed Message Processor splits the message up, routes the sub-messages to the appropriate destinations and re-aggregates the responses back into a single message.", "Driving Question": "How can you maintain the overall message flow when processing a message consisting of multiple elements, each of which may require different processing?"}', 'https://www.enterpriseintegrationpatterns.com/img/DistributionAggregateIcon.gif', 'f6b807aa-5905-4435-aec6-324355a0483f');
INSERT INTO public.pattern (id, name, uri, content, icon_url, pattern_language_id) VALUES ('ba3aaa33-9010-459f-acb5-5452788e9abc', 'Scatter-Gather', 'https://patternpedia.org/patternLanguages/eip/scatter-gather', '{"Icon": "", "Sketch": "![](https://www.enterpriseintegrationpatterns.com/img/BroadcastAggregate.gif)", "Solution": "Use a Scatter-Gather that broadcasts a message to multiple recipients and re-aggregates the responses back into a single message.", "Driving Question": "How do you maintain the overall message flow when a message needs to be sent to multiple recipients, each of which may send a reply?"}', '', 'f6b807aa-5905-4435-aec6-324355a0483f');
INSERT INTO public.pattern (id, name, uri, content, icon_url, pattern_language_id) VALUES ('c7e15bdd-a5f3-486d-8e3d-f3117f39eb1a', 'Routing Slip', 'https://patternpedia.org/patternLanguages/eip/routingSlip', '{"Icon": "![](https://www.enterpriseintegrationpatterns.com/img/RoutingTableIcon.gif)", "Sketch": "![](https://www.enterpriseintegrationpatterns.com/img/RoutingTableSimple.gif)", "Solution": "Attach a Routing Slip to each message, specifying the sequence of processing steps. Wrap each component with a special message router that reads the Routing Slip and routes the message to the next component in the list.", "Driving Question": "How do we route a message consecutively through a series of processing steps when the sequence of steps is not known at design-time and may vary for each message?"}', 'https://www.enterpriseintegrationpatterns.com/img/RoutingTableIcon.gif', 'f6b807aa-5905-4435-aec6-324355a0483f');
INSERT INTO public.pattern (id, name, uri, content, icon_url, pattern_language_id) VALUES ('53adbbff-f4d6-4bd7-8b90-475f57913c1a', 'Process Manager', 'https://patternpedia.org/patternLanguages/eip/processManager', '{"Icon": "![](https://www.enterpriseintegrationpatterns.com/img/ProcessManagerIcon.gif)", "Sketch": "![](https://www.enterpriseintegrationpatterns.com/img/ProcessManager.gif)", "Solution": "Use a central processing unit, a Process Manager, to maintain the state of the sequence and determine the next processing step based on intermediate results.", "Driving Question": "How do we route a message through multiple processing steps when the required steps may not be known at design-time and may not be sequential?"}', 'https://www.enterpriseintegrationpatterns.com/img/ProcessManagerIcon.gif', 'f6b807aa-5905-4435-aec6-324355a0483f');
INSERT INTO public.pattern (id, name, uri, content, icon_url, pattern_language_id) VALUES ('329b49fc-de79-4d63-97ca-87a8f83ef1e2', 'Message Broker', 'https://patternpedia.org/patternLanguages/eip/messageBroker', '{"Icon": "![](https://www.enterpriseintegrationpatterns.com/img/MessageBrokerIcon.gif)", "Sketch": "![](https://www.enterpriseintegrationpatterns.com/img/MessageBroker.gif)", "Solution": "Use a central Message Broker that can receive messages from multiple destinations, determine the correct destination and route the message to the correct channel. Implement the internals of the Message Broker using the design patterns presented in this chapter.", "Driving Question": "How can you decouple the destination of a message from the sender and maintain central control over the flow of messages?"}', 'https://www.enterpriseintegrationpatterns.com/img/MessageBrokerIcon.gif', 'f6b807aa-5905-4435-aec6-324355a0483f');
INSERT INTO public.pattern (id, name, uri, content, icon_url, pattern_language_id) VALUES ('29f4224d-6b91-4218-aed6-0db3e5fa9dc2', 'Message Translator', 'https://patternpedia.org/patternLanguages/eip/messageTranslator', '{"Icon": "![](https://www.enterpriseintegrationpatterns.com/img/MessageTranslatorIcon.gif)", "Sketch": "![](https://www.enterpriseintegrationpatterns.com/img/MessageTranslator.gif)", "Solution": "Use a special filter, a Message Translator, between other filters or applications to translate one data format into another.", "Driving Question": "How can systems using different data formats communicate with each other using messaging?"}', 'https://www.enterpriseintegrationpatterns.com/img/MessageTranslatorIcon.gif', 'f6b807aa-5905-4435-aec6-324355a0483f');
INSERT INTO public.pattern (id, name, uri, content, icon_url, pattern_language_id) VALUES ('658b6fce-40b0-4f05-a2da-2fd3e33684fb', 'Envelope Wrapper', 'https://patternpedia.org/patternLanguages/eip/envelopeWrapper', '{"Icon": "![](https://www.enterpriseintegrationpatterns.com/img/EnvelopeWrapperIcon.gif)", "Sketch": "![](https://www.enterpriseintegrationpatterns.com/img/Wrapper.gif)", "Solution": "Use a Envelope Wrapper to wrap application data inside an envelope that is compliant with the messaging infrastructure. Unwrap the message when it arrives at the destination.", "Driving Question": "How can existing systems participate in a messaging exchange that places specific requirements on the message format, such as message header fields or encryption?"}', 'https://www.enterpriseintegrationpatterns.com/img/EnvelopeWrapperIcon.gif', 'f6b807aa-5905-4435-aec6-324355a0483f');
INSERT INTO public.pattern (id, name, uri, content, icon_url, pattern_language_id) VALUES ('b3418862-26a6-4bbb-b546-c12f48c45b16', 'Content Enricher', 'https://patternpedia.org/patternLanguages/eip/contentEnricher', '{"Icon": "![](https://www.enterpriseintegrationpatterns.com/img/DataEnricherIcon.gif)", "Sketch": "![](https://www.enterpriseintegrationpatterns.com/img/DataEnricher.gif)", "Solution": "Use a specialized transformer, a Content Enricher, to access an external data source in order to augment a message with missing information.", "Driving Question": "How do we communicate with another system if the message originator does not have all the required data items available?"}', 'https://www.enterpriseintegrationpatterns.com/img/DataEnricherIcon.gif', 'f6b807aa-5905-4435-aec6-324355a0483f');
INSERT INTO public.pattern (id, name, uri, content, icon_url, pattern_language_id) VALUES ('26bc2583-1c9f-4d6e-9968-e5aa0e8ab82f', 'Content Filter', 'https://patternpedia.org/patternLanguages/eip/contentFilter', '{"Icon": "![](https://www.enterpriseintegrationpatterns.com/img/ContentFilterIcon.gif)", "Sketch": "![](https://www.enterpriseintegrationpatterns.com/img/ContentFilter.gif)", "Solution": "Use a Content Filter to remove unimportant data items from a message leaving only important items.", "Driving Question": "How do you simplify dealing with a large message, when you are interested only in a few data items?"}', 'https://www.enterpriseintegrationpatterns.com/img/ContentFilterIcon.gif', 'f6b807aa-5905-4435-aec6-324355a0483f');
INSERT INTO public.pattern (id, name, uri, content, icon_url, pattern_language_id) VALUES ('6c3f4121-65c2-444e-9d5a-f16f47fd2ed5', 'Claim Check', 'https://patternpedia.org/patternLanguages/eip/claimCheck', '{"Icon": "![](https://www.enterpriseintegrationpatterns.com/img/StoreInLibraryIcon.gif)", "Sketch": "![](https://www.enterpriseintegrationpatterns.com/img/StoreInLibrary.gif)", "Solution": "Store message data in a persistent store and pass a Claim Check to subsequent components. These components can use the Claim Check to retrieve the stored information.", "Driving Question": "How can we reduce the data volume of message sent across the system without sacrificing information content?"}', 'https://www.enterpriseintegrationpatterns.com/img/StoreInLibraryIcon.gif', 'f6b807aa-5905-4435-aec6-324355a0483f');
INSERT INTO public.pattern (id, name, uri, content, icon_url, pattern_language_id) VALUES ('89dd6672-dd42-470b-8e84-129e4ec7540c', 'Normalizer', 'https://patternpedia.org/patternLanguages/eip/normalizer', '{"Icon": "![](https://www.enterpriseintegrationpatterns.com/img/NormalizerIcon.gif)", "Sketch": "![](https://www.enterpriseintegrationpatterns.com/img/NormalizerDetail.gif)", "Solution": "Use a Normalizer to route each message type through a custom Message Translator so that the resulting messages match a common format.", "Driving Question": "How do you process messages that are semantically equivalent, but arrive in a different format?"}', 'https://www.enterpriseintegrationpatterns.com/img/NormalizerIcon.gif', 'f6b807aa-5905-4435-aec6-324355a0483f');
INSERT INTO public.pattern (id, name, uri, content, icon_url, pattern_language_id) VALUES ('98ccd4dc-86a8-4652-b2c1-5b83b6f078e1', 'Canonical Data Model', 'https://patternpedia.org/patternLanguages/eip/canonicalDataModel', '{"Icon": "", "Sketch": "![](https://www.enterpriseintegrationpatterns.com/img/CanonicalDataModel.gif)", "Solution": "Therefore, design a Canonical Data Model that is independent from any specific application. Require each application to produce and consume messages in this common format.", "Driving Question": "How can you minimize dependencies when integrating applications that use different data formats?"}', '', 'f6b807aa-5905-4435-aec6-324355a0483f');
INSERT INTO public.pattern (id, name, uri, content, icon_url, pattern_language_id) VALUES ('3953e924-30f6-4561-8e02-e761b417c1d4', 'Message Endpoint', 'https://patternpedia.org/patternLanguages/eip/messageEndpoint', '{"Icon": "![](https://www.enterpriseintegrationpatterns.com/img/MessageEndpointIcon.gif)", "Sketch": "![](https://www.enterpriseintegrationpatterns.com/img/MessageEndpointSolution.gif)", "Solution": "Connect an application to a messaging channel using a Message Endpoint, a client of the messaging system that the application can then use to send or receive messages.", "Driving Question": "How does an application connect to a messaging channel to send and receive messages?"}', 'https://www.enterpriseintegrationpatterns.com/img/MessageEndpointIcon.gif', 'f6b807aa-5905-4435-aec6-324355a0483f');
INSERT INTO public.pattern (id, name, uri, content, icon_url, pattern_language_id) VALUES ('02fc1261-b7d6-4d85-89ef-c987ab92f3d4', 'Messaging Gateway', 'https://patternpedia.org/patternLanguages/eip/messagingGateway', '{"Icon": "![](https://www.enterpriseintegrationpatterns.com/img/MessagingGatewayIcon.gif)", "Sketch": "![](https://www.enterpriseintegrationpatterns.com/img/MessagingGatewaySolution.gif)", "Solution": "Use a Messaging Gateway, a class than wraps messaging-specific method calls and exposes domain-specific methods to the application.", "Driving Question": "How do you encapsulate access to the messaging system from the rest of the application?"}', 'https://www.enterpriseintegrationpatterns.com/img/MessagingGatewayIcon.gif', 'f6b807aa-5905-4435-aec6-324355a0483f');
INSERT INTO public.pattern (id, name, uri, content, icon_url, pattern_language_id) VALUES ('29acda13-a41f-4270-9248-375814889f20', 'Messaging Mapper', 'https://patternpedia.org/patternLanguages/eip/messagingMapper', '{"Icon": "", "Sketch": "![](https://www.enterpriseintegrationpatterns.com/img/MessagingMapperClassDiagram.gif)", "Solution": "Create a separate Messaging Mapper that contains the mapping logic between the messaging infrastructure and the domain objects. Neither the objects nor the infrastructure have knowledge of the Messaging Mapper''s existence.", "Driving Question": "How do you move data between domain objects and the messaging infrastructure while keeping the two independent of each other?"}', '', 'f6b807aa-5905-4435-aec6-324355a0483f');
INSERT INTO public.pattern (id, name, uri, content, icon_url, pattern_language_id) VALUES ('a2b0eaca-aa24-4036-b730-265a97043b75', 'Transactional Client', 'https://patternpedia.org/patternLanguages/eip/transactionalClient', '{"Icon": "![](https://www.enterpriseintegrationpatterns.com/img/TransactionalClientIcon.gif)", "Sketch": "![](https://www.enterpriseintegrationpatterns.com/img/TransactionalClientSolution.gif)", "Solution": "Use a Transactional Client—make the client’s session with the messaging system transactional so that the client can specify transaction boundaries.", "Driving Question": "How can a client control its transactions with the messaging system?"}', 'https://www.enterpriseintegrationpatterns.com/img/TransactionalClientIcon.gif', 'f6b807aa-5905-4435-aec6-324355a0483f');
INSERT INTO public.pattern (id, name, uri, content, icon_url, pattern_language_id) VALUES ('78b58f38-9075-44a1-8eb4-5ab0ba4b801d', 'Polling Consumer', 'https://patternpedia.org/patternLanguages/eip/pollingConsumer', '{"Icon": "![](https://www.enterpriseintegrationpatterns.com/img/PollingConsumerIcon.gif)", "Sketch": "![](https://www.enterpriseintegrationpatterns.com/img/PollingConsumerSolution.gif)", "Solution": "The application should use a Polling Consumer, one that explicitly makes a call when it wants to receive a message.", "Driving Question": "How can an application consume a message when the application is ready?"}', 'https://www.enterpriseintegrationpatterns.com/img/PollingConsumerIcon.gif', 'f6b807aa-5905-4435-aec6-324355a0483f');
INSERT INTO public.pattern (id, name, uri, content, icon_url, pattern_language_id) VALUES ('87ae00d9-3fc7-4b9b-ac8b-48b79cbf8f65', 'Event-Driven Consumer', 'https://patternpedia.org/patternLanguages/eip/event-drivenConsumer', '{"Icon": "![](https://www.enterpriseintegrationpatterns.com/img/EventDrivenConsumerIcon.gif)", "Sketch": "![](https://www.enterpriseintegrationpatterns.com/img/EventDrivenConsumerSolution.gif)", "Solution": "The application should use an Event-Driven Consumer, one that is automatically handed messages as they’re delivered on the channel.", "Driving Question": "How can an application automatically consume messages as they become available?"}', 'https://www.enterpriseintegrationpatterns.com/img/EventDrivenConsumerIcon.gif', 'f6b807aa-5905-4435-aec6-324355a0483f');
INSERT INTO public.pattern (id, name, uri, content, icon_url, pattern_language_id) VALUES ('d9bd086d-030c-4ca4-b6d2-29c2fbf517c8', 'Competing Consumers', 'https://patternpedia.org/patternLanguages/eip/competingConsumers', '{"Icon": "![](https://www.enterpriseintegrationpatterns.com/img/CompetingConsumersIcon.gif)", "Sketch": "![](https://www.enterpriseintegrationpatterns.com/img/CompetingConsumers.gif)", "Solution": "Create multiple Competing Consumers on a single channel so that the consumers can process multiple messages concurrently.", "Driving Question": "How can a messaging client process multiple messages concurrently?"}', 'https://www.enterpriseintegrationpatterns.com/img/CompetingConsumersIcon.gif', 'f6b807aa-5905-4435-aec6-324355a0483f');
INSERT INTO public.pattern (id, name, uri, content, icon_url, pattern_language_id) VALUES ('7c775873-1ebf-4574-8cb1-29b0c661b8f3', 'Message Dispatcher', 'https://patternpedia.org/patternLanguages/eip/messageDispatcher', '{"Icon": "![](https://www.enterpriseintegrationpatterns.com/img/MessageDispatcherIcon.gif)", "Sketch": "![](https://www.enterpriseintegrationpatterns.com/img/MessageDispatcher.gif)", "Solution": "Create a Message Dispatcher on a channel that will consume messages from a channel and distribute them to performers.", "Driving Question": "How can multiple consumers on a single channel coordinate their message processing?"}', 'https://www.enterpriseintegrationpatterns.com/img/MessageDispatcherIcon.gif', 'f6b807aa-5905-4435-aec6-324355a0483f');
INSERT INTO public.pattern (id, name, uri, content, icon_url, pattern_language_id) VALUES ('0ee54310-5f4d-4435-9c34-cf93f742e101', 'Selective Consumer', 'https://patternpedia.org/patternLanguages/eip/selectiveConsumer', '{"Icon": "![](https://www.enterpriseintegrationpatterns.com/img/MessageSelectorIcon.gif)", "Sketch": "![](https://www.enterpriseintegrationpatterns.com/img/MessageSelectorSolution.gif)", "Solution": "Make the consumer a Selective Consumer, one that filteres the messages delivered by its channel so that it only receives the ones that match its criteria.", "Driving Question": "How can a message consumer select which messages it wishes to receive?"}', 'https://www.enterpriseintegrationpatterns.com/img/MessageSelectorIcon.gif', 'f6b807aa-5905-4435-aec6-324355a0483f');
INSERT INTO public.pattern (id, name, uri, content, icon_url, pattern_language_id) VALUES ('ca07715c-696e-4a62-af10-74145ff818f5', 'Durable Subscriber', 'https://patternpedia.org/patternLanguages/eip/durableSubscriber', '{"Icon": "![](https://www.enterpriseintegrationpatterns.com/img/DurableSubscriptionIcon.gif)", "Sketch": "![](https://www.enterpriseintegrationpatterns.com/img/DurableSubscriptionSolution.gif)", "Solution": "Use a Durable Subscriber to make the messaging system save messages published while the subscriber is disconnected.", "Driving Question": "How can a subscriber avoid missing messages while it’s not listening for them?"}', 'https://www.enterpriseintegrationpatterns.com/img/DurableSubscriptionIcon.gif', 'f6b807aa-5905-4435-aec6-324355a0483f');
INSERT INTO public.pattern (id, name, uri, content, icon_url, pattern_language_id) VALUES ('06c5d5cc-5c29-4a74-be75-dfba20cc4f80', 'Idempotent Receiver', 'https://patternpedia.org/patternLanguages/eip/idempotentReceiver', '{"Icon": "", "Sketch": "", "Solution": "Design a receiver to be an Idempotent Receiver--one that can safely receive the same message multiple times.", "Driving Question": "How can a message receiver deal with duplicate messages?"}', '', 'f6b807aa-5905-4435-aec6-324355a0483f');
INSERT INTO public.pattern (id, name, uri, content, icon_url, pattern_language_id) VALUES ('9167d0da-69ec-40a5-b7f8-5eab25833d70', 'Service Activator', 'https://patternpedia.org/patternLanguages/eip/serviceActivator', '{"Icon": "![](https://www.enterpriseintegrationpatterns.com/img/MessagingAdapterIcon.gif)", "Sketch": "![](https://www.enterpriseintegrationpatterns.com/img/MessagingAdapterSolution.gif)", "Solution": "Design a Service Activator that connects the messages on the channel to the service being accessed.", "Driving Question": "How can an application design a service to be invoked both via various messaging technologies and via non-messaging techniques?"}', 'https://www.enterpriseintegrationpatterns.com/img/MessagingAdapterIcon.gif', 'f6b807aa-5905-4435-aec6-324355a0483f');
INSERT INTO public.pattern (id, name, uri, content, icon_url, pattern_language_id) VALUES ('3b3a9b48-63aa-4523-be3a-6a39fdf4bda7', 'Point-to-Point Channel', 'https://patternpedia.org/patternLanguages/eip/point-to-pointChannel', '{"Icon": "![](https://www.enterpriseintegrationpatterns.com/img/PointToPointIcon.gif)", "Sketch": "![](https://www.enterpriseintegrationpatterns.com/img/PointToPointSolution.gif)", "Solution": "Send the message on a Point-to-Point Channel, which ensures that only one receiver will receive a particular message.", "Driving Question": "How can the caller be sure that exactly one receiver will receive the document or perform the call?"}', 'https://www.enterpriseintegrationpatterns.com/img/PointToPointIcon.gif', 'f6b807aa-5905-4435-aec6-324355a0483f');
INSERT INTO public.pattern (id, name, uri, content, icon_url, pattern_language_id) VALUES ('28343b10-ce82-4c1f-aef2-f7d95316b48e', 'Publish-Subscribe Channel', 'https://patternpedia.org/patternLanguages/eip/publish-subscribeChannel', '{"Icon": "![](https://www.enterpriseintegrationpatterns.com/img/PublishSubscribeIcon.gif)", "Sketch": "![](https://www.enterpriseintegrationpatterns.com/img/PublishSubscribeSolution.gif)", "Solution": "Send the event on a Publish-Subscribe Channel, which delivers a copy of a particular event to each receiver.", "Driving Question": "How can the sender broadcast an event to all interested receivers?"}', 'https://www.enterpriseintegrationpatterns.com/img/PublishSubscribeIcon.gif', 'f6b807aa-5905-4435-aec6-324355a0483f');
INSERT INTO public.pattern (id, name, uri, content, icon_url, pattern_language_id) VALUES ('cf3a2b5f-9d7a-4f2c-ba39-ab2911d3a7d7', 'Datatype Channel', 'https://patternpedia.org/patternLanguages/eip/datatypeChannel', '{"Icon": "![](https://www.enterpriseintegrationpatterns.com/img/DatatypeChannelIcon.gif)", "Sketch": "![](https://www.enterpriseintegrationpatterns.com/img/DatatypeSolution.gif)", "Solution": "Use a separate Datatype Channel for each data type, so that all data on a particular channel is of the same type.", "Driving Question": "How can the application send a data item such that the receiver will know how to process it?"}', 'https://www.enterpriseintegrationpatterns.com/img/DatatypeChannelIcon.gif', 'f6b807aa-5905-4435-aec6-324355a0483f');
INSERT INTO public.pattern (id, name, uri, content, icon_url, pattern_language_id) VALUES ('3e74edee-f076-45b3-8247-a5dd19cb24b2', 'Invalid Message Channel', 'https://patternpedia.org/patternLanguages/eip/invalidMessageChannel', '{"Icon": "![](https://www.enterpriseintegrationpatterns.com/img/InvalidMessageChannelIcon.gif)", "Sketch": "![](https://www.enterpriseintegrationpatterns.com/img/InvalidMessageSolution.gif)", "Solution": "The receiver should move the improper message to an Invalid Message Channel, a special channel for messages that could not be processed by their receivers.", "Driving Question": "How can a messaging receiver gracefully handle receiving a message that makes no sense?"}', 'https://www.enterpriseintegrationpatterns.com/img/InvalidMessageChannelIcon.gif', 'f6b807aa-5905-4435-aec6-324355a0483f');
INSERT INTO public.pattern (id, name, uri, content, icon_url, pattern_language_id) VALUES ('78185c7d-f353-49ee-b1e2-c2a0bcfc4ed2', 'Dead Letter Channel', 'https://patternpedia.org/patternLanguages/eip/deadLetterChannel', '{"Icon": "![](https://www.enterpriseintegrationpatterns.com/img/DeadLetterChannelIcon.gif)", "Sketch": "![](https://www.enterpriseintegrationpatterns.com/img/DeadLetterChannelSolution.gif)", "Solution": "When a messaging system determines that it cannot or should not deliver a message, it may elect to move the message to a Dead Letter Channel.", "Driving Question": "What will the messaging system do with a message it cannot deliver?"}', 'https://www.enterpriseintegrationpatterns.com/img/DeadLetterChannelIcon.gif', 'f6b807aa-5905-4435-aec6-324355a0483f');
INSERT INTO public.pattern (id, name, uri, content, icon_url, pattern_language_id) VALUES ('96ec8c86-c024-4d03-a283-49375e43e086', 'Guaranteed Delivery', 'https://patternpedia.org/patternLanguages/eip/guaranteedDelivery', '{"Icon": "![](https://www.enterpriseintegrationpatterns.com/img/GuaranteedMessagingIcon.gif)", "Sketch": "![](https://www.enterpriseintegrationpatterns.com/img/GuaranteedMessagingSolution.gif)", "Solution": "Use Guaranteed Delivery to make messages persistent so that they are not lost even if the messaging system crashes.", "Driving Question": "How can the sender make sure that a message will be delivered, even if the messaging system fails?"}', 'https://www.enterpriseintegrationpatterns.com/img/GuaranteedMessagingIcon.gif', 'f6b807aa-5905-4435-aec6-324355a0483f');
INSERT INTO public.pattern (id, name, uri, content, icon_url, pattern_language_id) VALUES ('b5c458ea-3a4e-4211-afc9-82510c2cff46', 'Channel Adapter', 'https://patternpedia.org/patternLanguages/eip/channelAdapter', '{"Icon": "![](https://www.enterpriseintegrationpatterns.com/img/ChannelAdapterIcon.gif)", "Sketch": "![](https://www.enterpriseintegrationpatterns.com/img/ChannelAdapterSolution.gif)", "Solution": "Use a Channel Adapter that can access the application''s API or data and publish messages on a channel based on this data, and that likewise can receive messages and invoke functionality inside the application.", "Driving Question": "How can you connect an application to the messaging system so that it can send and receive messages?"}', 'https://www.enterpriseintegrationpatterns.com/img/ChannelAdapterIcon.gif', 'f6b807aa-5905-4435-aec6-324355a0483f');
INSERT INTO public.pattern (id, name, uri, content, icon_url, pattern_language_id) VALUES ('adcaac7d-a028-4d33-9111-ef3e711637e7', 'Messaging Bridge', 'https://patternpedia.org/patternLanguages/eip/messagingBridge', '{"Icon": "![](https://www.enterpriseintegrationpatterns.com/img/MessagingBridgeIcon.gif)", "Sketch": "![](https://www.enterpriseintegrationpatterns.com/img/MessagingBridge.gif)", "Solution": "Use a Messaging Bridge, a connection between messaging systems, to replicate messages between systems.", "Driving Question": "How can multiple messaging systems be connected so that messages available on one are also available on the others?"}', 'https://www.enterpriseintegrationpatterns.com/img/MessagingBridgeIcon.gif', 'f6b807aa-5905-4435-aec6-324355a0483f');
INSERT INTO public.pattern (id, name, uri, content, icon_url, pattern_language_id) VALUES ('ccb661e2-6c0d-4020-9eb2-abd290230b5b', 'Message Bus', 'https://patternpedia.org/patternLanguages/eip/messageBus', '{"Icon": "![](https://www.enterpriseintegrationpatterns.com/img/MessageBusIcon.gif)", "Sketch": "![](https://www.enterpriseintegrationpatterns.com/img/MessageBusSolution.gif)", "Solution": "Structure the connecting middleware between these applications as a Message Bus that enables them to work together using messaging.", "Driving Question": "What is an architecture that enables separate applications to work together, but in a decoupled fashion such that applications can be easily added or removed without affecting the others?"}', 'https://www.enterpriseintegrationpatterns.com/img/MessageBusIcon.gif', 'f6b807aa-5905-4435-aec6-324355a0483f');
INSERT INTO public.pattern (id, name, uri, content, icon_url, pattern_language_id) VALUES ('712b29e2-411b-4ef8-8f81-6cae15222c07', 'Control Bus', 'https://patternpedia.org/patternLanguages/eip/controlBus', '{"Icon": "![](https://www.enterpriseintegrationpatterns.com/img/ControlBusIcon.gif)", "Sketch": "![](https://www.enterpriseintegrationpatterns.com/img/ControlBus.gif)", "Solution": "Use a Control Bus to manage an enterprise integration system. The Control Bus uses the same messaging mechanism used by the application data, but uses separate channels to transmit data that is relevant to the management of components involved in the message flow.", "Driving Question": "How can we effectively administer a messaging system that is distributed across multiple platforms and a wide geographic area?"}', 'https://www.enterpriseintegrationpatterns.com/img/ControlBusIcon.gif', 'f6b807aa-5905-4435-aec6-324355a0483f');
INSERT INTO public.pattern (id, name, uri, content, icon_url, pattern_language_id) VALUES ('662ffad9-7dd3-490f-93d2-efb92f74c5ae', 'Detour', 'https://patternpedia.org/patternLanguages/eip/detour', '{"Icon": "![](https://www.enterpriseintegrationpatterns.com/img/DetourIcon.gif)", "Sketch": "![](https://www.enterpriseintegrationpatterns.com/img/Detour.gif)", "Solution": "Construct a Detour with a context-based router controlled via the Control Bus. In one state the router routes incoming messages through additional steps while in the other it routes messages directly to the destination channel.", "Driving Question": "How can you route a message through intermediate steps to perform validation, testing or debugging functions?"}', 'https://www.enterpriseintegrationpatterns.com/img/DetourIcon.gif', 'f6b807aa-5905-4435-aec6-324355a0483f');
INSERT INTO public.pattern (id, name, uri, content, icon_url, pattern_language_id) VALUES ('b244a2fb-1f27-4e6d-8f43-7e512798f299', 'Wire Tap', 'https://patternpedia.org/patternLanguages/eip/wireTap', '{"Icon": "![](https://www.enterpriseintegrationpatterns.com/img/WireTapIcon.gif)", "Sketch": "![](https://www.enterpriseintegrationpatterns.com/img/WireTap.gif)", "Solution": "Insert a simple Recipient List into the channel that publishes each incoming message to the main channel and a secondary channel.", "Driving Question": "How do you inspect messages that travel on a point-to-point channel?"}', 'https://www.enterpriseintegrationpatterns.com/img/WireTapIcon.gif', 'f6b807aa-5905-4435-aec6-324355a0483f');
INSERT INTO public.pattern (id, name, uri, content, icon_url, pattern_language_id) VALUES ('84c81b22-765b-4edb-a6e7-c626151e0af8', 'Message History', 'https://patternpedia.org/patternLanguages/eip/messageHistory', '{"Icon": "", "Sketch": "![](https://www.enterpriseintegrationpatterns.com/img/MessageHistory.gif)", "Solution": "Therefore, attach a Message History to the message. The Message History is a list of all applications that the message passed through since its origination.", "Driving Question": "How can we effectively analyze and debug the flow of messages in a loosely coupled system?"}', '', 'f6b807aa-5905-4435-aec6-324355a0483f');
INSERT INTO public.pattern (id, name, uri, content, icon_url, pattern_language_id) VALUES ('c699fdf0-f31e-45c0-9d0d-cee2388e1544', 'Smart Proxy', 'https://patternpedia.org/patternLanguages/eip/smartProxy', '{"Icon": "![](https://www.enterpriseintegrationpatterns.com/img/SmartProxyIcon.gif)", "Sketch": "![](https://www.enterpriseintegrationpatterns.com/img/SmartProxy.gif)", "Solution": "Use a Smart Proxy to store the Return Address supplied by the original requestor and replace it with the address of the Smart Proxy. When the service sends the reply message route it to the original Return Address.", "Driving Question": "How can you track messages on a service that publishes reply messages to the Return Address specified by the requestor?"}', 'https://www.enterpriseintegrationpatterns.com/img/SmartProxyIcon.gif', 'f6b807aa-5905-4435-aec6-324355a0483f');
INSERT INTO public.pattern (id, name, uri, content, icon_url, pattern_language_id) VALUES ('5778b4ba-4acd-4c94-9c10-d83d80f75d50', 'Test Message', 'https://patternpedia.org/patternLanguages/eip/testMessage', '{"Icon": "![](https://www.enterpriseintegrationpatterns.com/img/TestMessageIcon.gif)", "Sketch": "![](https://www.enterpriseintegrationpatterns.com/img/TestMessage.gif)", "Solution": "Therefore, use Test Message to assure the health of message processing components (see Figure).", "Driving Question": "What happens, though, if a component is actively processing messages, but garbles outgoing messages due to an internal fault?"}', 'https://www.enterpriseintegrationpatterns.com/img/TestMessageIcon.gif', 'f6b807aa-5905-4435-aec6-324355a0483f');
INSERT INTO public.pattern (id, name, uri, content, icon_url, pattern_language_id) VALUES ('38b1dd17-c3ff-46c4-b300-2e1c7d542abe', 'Channel Purger', 'https://patternpedia.org/patternLanguages/eip/channelPurger', '{"Icon": "![](https://www.enterpriseintegrationpatterns.com/img/ChannelPurgerIcon.gif)", "Sketch": "![](https://www.enterpriseintegrationpatterns.com/img/ChannelPurger.gif)", "Solution": "Use a Channel Purger to remove unwanted messages from a channel.", "Driving Question": "How can you keep ''left-over'' messages on a channel from disturbing tests or running systems?"}', 'https://www.enterpriseintegrationpatterns.com/img/ChannelPurgerIcon.gif', 'f6b807aa-5905-4435-aec6-324355a0483f');
INSERT INTO public.pattern (id, name, uri, content, icon_url, pattern_language_id) VALUES ('f619a8fd-fff8-4981-8947-48ebaaad993c', 'File Transfer', 'https://patternpedia.org/patternLanguages/eip/fileTransfer', '{"Icon": "![](https://www.enterpriseintegrationpatterns.com/img/FileTransferIcon.gif)", "Sketch": "![](https://www.enterpriseintegrationpatterns.com/img/FileTransferIntegration.gif) ", "Solution": "Have each application produce files containing information that other applications need to consume. Integrators take the responsibility of transforming files into different formats. Produce the files at regular intervals according to the nature of the business.", "Driving Question": "How can I integrate multiple applications so that they work together and can exchange information?"}', 'https://www.enterpriseintegrationpatterns.com/img/FileTransferIcon.gif', 'f6b807aa-5905-4435-aec6-324355a0483f');
INSERT INTO public.pattern (id, name, uri, content, icon_url, pattern_language_id) VALUES ('60e3ca01-0b7a-4785-acd7-3dddad0eea8e', 'Shared Database', 'https://patternpedia.org/patternLanguages/eip/sharedDatabase', '{"Icon": "![](https://www.enterpriseintegrationpatterns.com/img/SharedDatabaseIcon.gif)", "Sketch": "![](https://www.enterpriseintegrationpatterns.com/img/SharedDatabaseIntegration.gif)", "Solution": "Integrate applications by having them store their data in a single Shared Database.", "Driving Question": "How can I integrate multiple applications so that they work together and can exchange information?"}', 'https://www.enterpriseintegrationpatterns.com/img/SharedDatabaseIcon.gif', 'f6b807aa-5905-4435-aec6-324355a0483f');
INSERT INTO public.pattern (id, name, uri, content, icon_url, pattern_language_id) VALUES ('36531ec5-477c-4d74-8d84-43276359aa14', 'Remote Procedure Invocation', 'https://patternpedia.org/patternLanguages/eip/remoteProcedureInvocation', '{"Icon": "![](https://www.enterpriseintegrationpatterns.com/img/EncapsulatedSynchronousIcon.gif)", "Sketch": "![](https://www.enterpriseintegrationpatterns.com/img/EncapsulatedSynchronousIntegration.gif)", "Solution": "Develop each application as a large-scale object or component with encapsulated data. Provide an interface to allow other applications to interact with the running application.", "Driving Question": "How can I integrate multiple applications so that they work together and can exchange information?"}', 'https://www.enterpriseintegrationpatterns.com/img/EncapsulatedSynchronousIcon.gif', 'f6b807aa-5905-4435-aec6-324355a0483f');
INSERT INTO public.pattern (id, name, uri, content, icon_url, pattern_language_id) VALUES ('a7e45f3a-e408-4593-9aba-0a724c5ebf26', 'Messaging', 'https://patternpedia.org/patternLanguages/eip/messaging', '{"Icon": "![](https://www.enterpriseintegrationpatterns.com/img/MessagingIcon.gif)", "Sketch": "![](https://www.enterpriseintegrationpatterns.com/img/Messaging.gif)", "Solution": "Use Messaging to transfer packets of data frequently, immediately, reliably, and asynchronously, using customizable formats.", "Driving Question": "How can I integrate multiple applications so that they work together and can exchange information?"}', 'https://www.enterpriseintegrationpatterns.com/img/MessagingIcon.gif', 'f6b807aa-5905-4435-aec6-324355a0483f');
INSERT INTO public.pattern (id, name, uri, content, icon_url, pattern_language_id) VALUES ('9fee292c-8c59-4a99-a3c2-467717a22c70', 'Message Channel', 'https://patternpedia.org/patternLanguages/eip/messageChannel', '{"Icon": "![](https://www.enterpriseintegrationpatterns.com/img/ChannelIcon.gif)", "Sketch": "![](https://www.enterpriseintegrationpatterns.com/img/MessageChannelSolution.gif)", "Solution": "Connect the applications using a Message Channel, where one application writes information to the channel and the other one reads that information from the channel.", "Driving Question": "How does one application communicate with another using messaging?"}', 'https://www.enterpriseintegrationpatterns.com/img/ChannelIcon.gif', 'f6b807aa-5905-4435-aec6-324355a0483f');


INSERT INTO public.directed_edge (id, description, type, pattern_language_id, source_id, target_id) VALUES ('3878b960-845e-41a6-ab01-79240d89599d', 'null', 'isRelatedTo', 'f6b807aa-5905-4435-aec6-324355a0483f', 'f619a8fd-fff8-4981-8947-48ebaaad993c', '36531ec5-477c-4d74-8d84-43276359aa14');
INSERT INTO public.directed_edge (id, description, type, pattern_language_id, source_id, target_id) VALUES ('1b0e3cb2-d29d-4a61-a01f-54f7c3911d78', 'null', 'isRelatedTo', 'f6b807aa-5905-4435-aec6-324355a0483f', 'f619a8fd-fff8-4981-8947-48ebaaad993c', 'a7e45f3a-e408-4593-9aba-0a724c5ebf26');
INSERT INTO public.directed_edge (id, description, type, pattern_language_id, source_id, target_id) VALUES ('f481d599-2c6b-4138-97bc-70d854472d90', 'null', 'isRelatedTo', 'f6b807aa-5905-4435-aec6-324355a0483f', 'f619a8fd-fff8-4981-8947-48ebaaad993c', '60e3ca01-0b7a-4785-acd7-3dddad0eea8e');
INSERT INTO public.directed_edge (id, description, type, pattern_language_id, source_id, target_id) VALUES ('b7e5552a-bbb0-40ce-920e-00a08dda7fdf', 'null', 'isRelatedTo', 'f6b807aa-5905-4435-aec6-324355a0483f', '60e3ca01-0b7a-4785-acd7-3dddad0eea8e', '36531ec5-477c-4d74-8d84-43276359aa14');
INSERT INTO public.directed_edge (id, description, type, pattern_language_id, source_id, target_id) VALUES ('6932e43a-17b1-4c07-9816-e7712223f478', 'null', 'isRelatedTo', 'f6b807aa-5905-4435-aec6-324355a0483f', '60e3ca01-0b7a-4785-acd7-3dddad0eea8e', 'a7e45f3a-e408-4593-9aba-0a724c5ebf26');
INSERT INTO public.directed_edge (id, description, type, pattern_language_id, source_id, target_id) VALUES ('623d9876-4b91-47b8-b567-6ab5cb584c88', 'null', 'isRelatedTo', 'f6b807aa-5905-4435-aec6-324355a0483f', '60e3ca01-0b7a-4785-acd7-3dddad0eea8e', 'f619a8fd-fff8-4981-8947-48ebaaad993c');
INSERT INTO public.directed_edge (id, description, type, pattern_language_id, source_id, target_id) VALUES ('5748b652-bc3e-4705-8e98-56f0b51f9073', 'null', 'isRelatedTo', 'f6b807aa-5905-4435-aec6-324355a0483f', '36531ec5-477c-4d74-8d84-43276359aa14', 'f619a8fd-fff8-4981-8947-48ebaaad993c');
INSERT INTO public.directed_edge (id, description, type, pattern_language_id, source_id, target_id) VALUES ('12750727-5cff-4f5a-9b25-d79dab056f89', 'null', 'isRelatedTo', 'f6b807aa-5905-4435-aec6-324355a0483f', '36531ec5-477c-4d74-8d84-43276359aa14', 'a7e45f3a-e408-4593-9aba-0a724c5ebf26');
INSERT INTO public.directed_edge (id, description, type, pattern_language_id, source_id, target_id) VALUES ('91e5c757-e3a7-42e0-97de-bf3ec1ec1345', 'null', 'isRelatedTo', 'f6b807aa-5905-4435-aec6-324355a0483f', '36531ec5-477c-4d74-8d84-43276359aa14', '60e3ca01-0b7a-4785-acd7-3dddad0eea8e');
INSERT INTO public.directed_edge (id, description, type, pattern_language_id, source_id, target_id) VALUES ('d5f3943a-e0fb-411e-8278-ea1f95f2f9d6', 'null', 'isRelatedTo', 'f6b807aa-5905-4435-aec6-324355a0483f', 'a7e45f3a-e408-4593-9aba-0a724c5ebf26', '36531ec5-477c-4d74-8d84-43276359aa14');
INSERT INTO public.directed_edge (id, description, type, pattern_language_id, source_id, target_id) VALUES ('52bc67ad-cf74-460c-a14b-057168fc3dd1', 'null', 'isRelatedTo', 'f6b807aa-5905-4435-aec6-324355a0483f', 'a7e45f3a-e408-4593-9aba-0a724c5ebf26', 'f619a8fd-fff8-4981-8947-48ebaaad993c');
INSERT INTO public.directed_edge (id, description, type, pattern_language_id, source_id, target_id) VALUES ('75a746d0-3aea-43d8-8d27-e8f5a672b688', 'null', 'isRelatedTo', 'f6b807aa-5905-4435-aec6-324355a0483f', 'a7e45f3a-e408-4593-9aba-0a724c5ebf26', 'c56361d3-4230-4653-942b-fc8ac7488bf9');
INSERT INTO public.directed_edge (id, description, type, pattern_language_id, source_id, target_id) VALUES ('ba209aa6-6163-4d81-8459-329f0529161f', 'null', 'isRelatedTo', 'f6b807aa-5905-4435-aec6-324355a0483f', 'a7e45f3a-e408-4593-9aba-0a724c5ebf26', '9fee292c-8c59-4a99-a3c2-467717a22c70');
INSERT INTO public.directed_edge (id, description, type, pattern_language_id, source_id, target_id) VALUES ('72fbe069-b4bf-488a-9add-9ef081361715', 'null', 'isRelatedTo', 'f6b807aa-5905-4435-aec6-324355a0483f', 'a7e45f3a-e408-4593-9aba-0a724c5ebf26', '3953e924-30f6-4561-8e02-e761b417c1d4');
INSERT INTO public.directed_edge (id, description, type, pattern_language_id, source_id, target_id) VALUES ('8ac818d0-5c68-4c6e-9fea-6cc1900cfd83', 'null', 'isRelatedTo', 'f6b807aa-5905-4435-aec6-324355a0483f', 'a7e45f3a-e408-4593-9aba-0a724c5ebf26', '9bafcace-20a3-4726-963b-06d09437c677');
INSERT INTO public.directed_edge (id, description, type, pattern_language_id, source_id, target_id) VALUES ('8ec9cd9d-9a67-4d46-a4a7-faede50249b7', 'null', 'isRelatedTo', 'f6b807aa-5905-4435-aec6-324355a0483f', 'a7e45f3a-e408-4593-9aba-0a724c5ebf26', '29f4224d-6b91-4218-aed6-0db3e5fa9dc2');
INSERT INTO public.directed_edge (id, description, type, pattern_language_id, source_id, target_id) VALUES ('cf157640-7e49-40e4-ad36-ef7af884660b', 'null', 'isRelatedTo', 'f6b807aa-5905-4435-aec6-324355a0483f', 'a7e45f3a-e408-4593-9aba-0a724c5ebf26', '60e3ca01-0b7a-4785-acd7-3dddad0eea8e');
INSERT INTO public.directed_edge (id, description, type, pattern_language_id, source_id, target_id) VALUES ('1a4e9ed1-286c-46d1-9ce2-eb253481635a', 'null', 'isRelatedTo', 'f6b807aa-5905-4435-aec6-324355a0483f', '9fee292c-8c59-4a99-a3c2-467717a22c70', 'b5c458ea-3a4e-4211-afc9-82510c2cff46');
INSERT INTO public.directed_edge (id, description, type, pattern_language_id, source_id, target_id) VALUES ('5b514a1c-7a05-4736-afdc-93ee127ddc40', 'null', 'isRelatedTo', 'f6b807aa-5905-4435-aec6-324355a0483f', '9fee292c-8c59-4a99-a3c2-467717a22c70', 'cf3a2b5f-9d7a-4f2c-ba39-ab2911d3a7d7');
INSERT INTO public.directed_edge (id, description, type, pattern_language_id, source_id, target_id) VALUES ('f22999c3-5b02-4af5-afa6-b7de2fc6ca01', 'null', 'isRelatedTo', 'f6b807aa-5905-4435-aec6-324355a0483f', '9fee292c-8c59-4a99-a3c2-467717a22c70', '3e74edee-f076-45b3-8247-a5dd19cb24b2');
INSERT INTO public.directed_edge (id, description, type, pattern_language_id, source_id, target_id) VALUES ('270a493f-0016-4100-9d8d-fa6d3f752baf', 'null', 'isRelatedTo', 'f6b807aa-5905-4435-aec6-324355a0483f', '9fee292c-8c59-4a99-a3c2-467717a22c70', 'ccb661e2-6c0d-4020-9eb2-abd290230b5b');
INSERT INTO public.directed_edge (id, description, type, pattern_language_id, source_id, target_id) VALUES ('8d8ab79f-56d3-4895-9137-9d1a8b72d9e6', 'null', 'isRelatedTo', 'f6b807aa-5905-4435-aec6-324355a0483f', '9fee292c-8c59-4a99-a3c2-467717a22c70', '3953e924-30f6-4561-8e02-e761b417c1d4');
INSERT INTO public.directed_edge (id, description, type, pattern_language_id, source_id, target_id) VALUES ('a68409ca-65f1-475c-9f72-163090ef5081', 'null', 'isRelatedTo', 'f6b807aa-5905-4435-aec6-324355a0483f', '9fee292c-8c59-4a99-a3c2-467717a22c70', '0ee54310-5f4d-4435-9c34-cf93f742e101');
INSERT INTO public.directed_edge (id, description, type, pattern_language_id, source_id, target_id) VALUES ('f04295e7-b0c1-4981-bd38-cfd5fd66e35c', 'null', 'isRelatedTo', 'f6b807aa-5905-4435-aec6-324355a0483f', '9fee292c-8c59-4a99-a3c2-467717a22c70', 'a7e45f3a-e408-4593-9aba-0a724c5ebf26');
INSERT INTO public.directed_edge (id, description, type, pattern_language_id, source_id, target_id) VALUES ('98be07f5-e2df-4c3b-866e-bf6f2f574ee6', 'null', 'isRelatedTo', 'f6b807aa-5905-4435-aec6-324355a0483f', '9fee292c-8c59-4a99-a3c2-467717a22c70', '3b3a9b48-63aa-4523-be3a-6a39fdf4bda7');
INSERT INTO public.directed_edge (id, description, type, pattern_language_id, source_id, target_id) VALUES ('61f67322-d918-4452-841d-aa4a62e76d51', 'null', 'isRelatedTo', 'f6b807aa-5905-4435-aec6-324355a0483f', '9fee292c-8c59-4a99-a3c2-467717a22c70', '28343b10-ce82-4c1f-aef2-f7d95316b48e');
INSERT INTO public.directed_edge (id, description, type, pattern_language_id, source_id, target_id) VALUES ('a480fb8e-fa07-4fa8-bc50-4671161931a0', 'null', 'isRelatedTo', 'f6b807aa-5905-4435-aec6-324355a0483f', 'c56361d3-4230-4653-942b-fc8ac7488bf9', '98ccd4dc-86a8-4652-b2c1-5b83b6f078e1');
INSERT INTO public.directed_edge (id, description, type, pattern_language_id, source_id, target_id) VALUES ('ffb5a455-b97a-4a36-9616-0ded53efbc03', 'null', 'isRelatedTo', 'f6b807aa-5905-4435-aec6-324355a0483f', 'c56361d3-4230-4653-942b-fc8ac7488bf9', '19c5ed05-1a24-4971-9aac-390e1931f010');
INSERT INTO public.directed_edge (id, description, type, pattern_language_id, source_id, target_id) VALUES ('54724df3-d445-4d5a-8ef3-ad878ae0378d', 'null', 'isRelatedTo', 'f6b807aa-5905-4435-aec6-324355a0483f', 'c56361d3-4230-4653-942b-fc8ac7488bf9', 'b14e9775-09ad-4019-b5db-dd9670221679');
INSERT INTO public.directed_edge (id, description, type, pattern_language_id, source_id, target_id) VALUES ('96ffe0f4-9339-431b-a445-2e2bc310e31e', 'null', 'isRelatedTo', 'f6b807aa-5905-4435-aec6-324355a0483f', 'c56361d3-4230-4653-942b-fc8ac7488bf9', 'f3afc386-7c81-41d1-9b94-a06a49deb965');
INSERT INTO public.directed_edge (id, description, type, pattern_language_id, source_id, target_id) VALUES ('ed759af2-d877-405a-b0a4-e980c8d506e1', 'null', 'isRelatedTo', 'f6b807aa-5905-4435-aec6-324355a0483f', 'c56361d3-4230-4653-942b-fc8ac7488bf9', '9fee292c-8c59-4a99-a3c2-467717a22c70');
INSERT INTO public.directed_edge (id, description, type, pattern_language_id, source_id, target_id) VALUES ('9d8f4e2d-62d4-42a2-9b24-56b8e0ff3fee', 'null', 'isRelatedTo', 'f6b807aa-5905-4435-aec6-324355a0483f', 'c56361d3-4230-4653-942b-fc8ac7488bf9', 'c34d4c11-da4f-445d-8682-1c92dcfbb6be');
INSERT INTO public.directed_edge (id, description, type, pattern_language_id, source_id, target_id) VALUES ('bb244cf8-b91f-4e25-b443-823e3d2be42b', 'null', 'isRelatedTo', 'f6b807aa-5905-4435-aec6-324355a0483f', 'c56361d3-4230-4653-942b-fc8ac7488bf9', 'acb053d6-b8be-4bce-b62d-3a8aa10b9a0d');
INSERT INTO public.directed_edge (id, description, type, pattern_language_id, source_id, target_id) VALUES ('e188b39a-c194-4418-9c66-d4f232b219bd', 'null', 'isRelatedTo', 'f6b807aa-5905-4435-aec6-324355a0483f', 'c56361d3-4230-4653-942b-fc8ac7488bf9', 'a7e45f3a-e408-4593-9aba-0a724c5ebf26');
INSERT INTO public.directed_edge (id, description, type, pattern_language_id, source_id, target_id) VALUES ('da71d0f9-ff54-4c0a-ad32-b1b3199cfc04', 'null', 'isRelatedTo', 'f6b807aa-5905-4435-aec6-324355a0483f', 'c56361d3-4230-4653-942b-fc8ac7488bf9', 'ef45bb4d-7f1a-4840-9783-aa22ed40032a');
INSERT INTO public.directed_edge (id, description, type, pattern_language_id, source_id, target_id) VALUES ('f4e08542-a990-44f5-93f2-69ab39ea0233', 'null', 'isRelatedTo', 'f6b807aa-5905-4435-aec6-324355a0483f', '1a1b9319-e303-431d-91c3-f4a3b6189982', 'd9bd086d-030c-4ca4-b6d2-29c2fbf517c8');
INSERT INTO public.directed_edge (id, description, type, pattern_language_id, source_id, target_id) VALUES ('8163f357-c2d9-453f-ab9a-6cf4b1928ea8', 'null', 'isRelatedTo', 'f6b807aa-5905-4435-aec6-324355a0483f', '1a1b9319-e303-431d-91c3-f4a3b6189982', '26bc2583-1c9f-4d6e-9968-e5aa0e8ab82f');
INSERT INTO public.directed_edge (id, description, type, pattern_language_id, source_id, target_id) VALUES ('1577f4a1-f497-4e49-a05f-064ad2340b4b', 'null', 'isRelatedTo', 'f6b807aa-5905-4435-aec6-324355a0483f', '1a1b9319-e303-431d-91c3-f4a3b6189982', '87ae00d9-3fc7-4b9b-ac8b-48b79cbf8f65');
INSERT INTO public.directed_edge (id, description, type, pattern_language_id, source_id, target_id) VALUES ('1463ded0-0ac3-47f3-a974-1335dade3479', 'null', 'isRelatedTo', 'f6b807aa-5905-4435-aec6-324355a0483f', '1a1b9319-e303-431d-91c3-f4a3b6189982', '9c49472d-47fc-417e-b75a-512d57e76870');
INSERT INTO public.directed_edge (id, description, type, pattern_language_id, source_id, target_id) VALUES ('5f861032-6ddd-4349-b6c5-af8a4bc576b2', 'null', 'isRelatedTo', 'f6b807aa-5905-4435-aec6-324355a0483f', '1a1b9319-e303-431d-91c3-f4a3b6189982', '9fee292c-8c59-4a99-a3c2-467717a22c70');
INSERT INTO public.directed_edge (id, description, type, pattern_language_id, source_id, target_id) VALUES ('12b0bca5-dee8-4877-b118-09860bb627ec', 'null', 'isRelatedTo', 'f6b807aa-5905-4435-aec6-324355a0483f', '1a1b9319-e303-431d-91c3-f4a3b6189982', '9bafcace-20a3-4726-963b-06d09437c677');
INSERT INTO public.directed_edge (id, description, type, pattern_language_id, source_id, target_id) VALUES ('33809ff6-d500-4258-bd8f-924a09afe78c', 'null', 'isRelatedTo', 'f6b807aa-5905-4435-aec6-324355a0483f', '1a1b9319-e303-431d-91c3-f4a3b6189982', 'a7e45f3a-e408-4593-9aba-0a724c5ebf26');
INSERT INTO public.directed_edge (id, description, type, pattern_language_id, source_id, target_id) VALUES ('b1ea0171-f832-402e-9d1f-9cb1bd3ca534', 'null', 'isRelatedTo', 'f6b807aa-5905-4435-aec6-324355a0483f', '1a1b9319-e303-431d-91c3-f4a3b6189982', '02fc1261-b7d6-4d85-89ef-c987ab92f3d4');
INSERT INTO public.directed_edge (id, description, type, pattern_language_id, source_id, target_id) VALUES ('a9f02713-b90c-4d90-b035-3018e06f0c6d', 'null', 'isRelatedTo', 'f6b807aa-5905-4435-aec6-324355a0483f', '1a1b9319-e303-431d-91c3-f4a3b6189982', '3b3a9b48-63aa-4523-be3a-6a39fdf4bda7');
INSERT INTO public.directed_edge (id, description, type, pattern_language_id, source_id, target_id) VALUES ('fd53b1a1-5e22-4b40-b798-01e049989cb6', 'null', 'isRelatedTo', 'f6b807aa-5905-4435-aec6-324355a0483f', '1a1b9319-e303-431d-91c3-f4a3b6189982', '8c047398-63a1-4940-a5c5-c44834f48516');
INSERT INTO public.directed_edge (id, description, type, pattern_language_id, source_id, target_id) VALUES ('f1dad4b9-ca8a-4b8f-964f-8597734eac60', 'null', 'isRelatedTo', 'f6b807aa-5905-4435-aec6-324355a0483f', '1a1b9319-e303-431d-91c3-f4a3b6189982', '5778b4ba-4acd-4c94-9c10-d83d80f75d50');
INSERT INTO public.directed_edge (id, description, type, pattern_language_id, source_id, target_id) VALUES ('9c469823-2cbe-43b3-b4f4-0b5a382849e9', 'null', 'isRelatedTo', 'f6b807aa-5905-4435-aec6-324355a0483f', '1a1b9319-e303-431d-91c3-f4a3b6189982', 'a2b0eaca-aa24-4036-b730-265a97043b75');
INSERT INTO public.directed_edge (id, description, type, pattern_language_id, source_id, target_id) VALUES ('0b542913-643e-4c0a-b95b-250e5a670e1c', 'null', 'isRelatedTo', 'f6b807aa-5905-4435-aec6-324355a0483f', '9bafcace-20a3-4726-963b-06d09437c677', 'b5c458ea-3a4e-4211-afc9-82510c2cff46');
INSERT INTO public.directed_edge (id, description, type, pattern_language_id, source_id, target_id) VALUES ('062acabd-fb95-45a7-a623-3a400563f3d9', 'null', 'isRelatedTo', 'f6b807aa-5905-4435-aec6-324355a0483f', '9bafcace-20a3-4726-963b-06d09437c677', 'd89d5a40-b864-4d97-9b44-211ed25c4f98');
INSERT INTO public.directed_edge (id, description, type, pattern_language_id, source_id, target_id) VALUES ('12dfa380-5e40-442a-b518-9954217b22f5', 'null', 'isRelatedTo', 'f6b807aa-5905-4435-aec6-324355a0483f', '9bafcace-20a3-4726-963b-06d09437c677', '712b29e2-411b-4ef8-8f81-6cae15222c07');
INSERT INTO public.directed_edge (id, description, type, pattern_language_id, source_id, target_id) VALUES ('ce7272ef-1d37-4053-b1a9-6f5db079f26b', 'null', 'isRelatedTo', 'f6b807aa-5905-4435-aec6-324355a0483f', '9bafcace-20a3-4726-963b-06d09437c677', 'cf3a2b5f-9d7a-4f2c-ba39-ab2911d3a7d7');
INSERT INTO public.directed_edge (id, description, type, pattern_language_id, source_id, target_id) VALUES ('6bca1072-df14-481e-a23a-65479be61d09', 'null', 'isRelatedTo', 'f6b807aa-5905-4435-aec6-324355a0483f', '9bafcace-20a3-4726-963b-06d09437c677', 'be9c4245-79db-40cd-a0d4-c750c3a822b6');
INSERT INTO public.directed_edge (id, description, type, pattern_language_id, source_id, target_id) VALUES ('048e025b-5578-49ba-8640-e9e404cff49c', 'null', 'isRelatedTo', 'f6b807aa-5905-4435-aec6-324355a0483f', '9bafcace-20a3-4726-963b-06d09437c677', '9c49472d-47fc-417e-b75a-512d57e76870');
INSERT INTO public.directed_edge (id, description, type, pattern_language_id, source_id, target_id) VALUES ('b7b90e9a-e82d-4f95-a8b6-4448a50c7417', 'null', 'isRelatedTo', 'f6b807aa-5905-4435-aec6-324355a0483f', '9bafcace-20a3-4726-963b-06d09437c677', 'c56361d3-4230-4653-942b-fc8ac7488bf9');
INSERT INTO public.directed_edge (id, description, type, pattern_language_id, source_id, target_id) VALUES ('208b6db4-c8a0-48b7-8451-07154a6cee32', 'null', 'isRelatedTo', 'f6b807aa-5905-4435-aec6-324355a0483f', '9bafcace-20a3-4726-963b-06d09437c677', '9fee292c-8c59-4a99-a3c2-467717a22c70');
INSERT INTO public.directed_edge (id, description, type, pattern_language_id, source_id, target_id) VALUES ('87812fe1-fb02-41d7-8d11-f63085e3d5b2', 'null', 'isRelatedTo', 'f6b807aa-5905-4435-aec6-324355a0483f', '9bafcace-20a3-4726-963b-06d09437c677', '84c81b22-765b-4edb-a6e7-c626151e0af8');
INSERT INTO public.directed_edge (id, description, type, pattern_language_id, source_id, target_id) VALUES ('4f61344b-6dd4-410e-83ac-8a380b74dd1b', 'null', 'isRelatedTo', 'f6b807aa-5905-4435-aec6-324355a0483f', '9bafcace-20a3-4726-963b-06d09437c677', '29f4224d-6b91-4218-aed6-0db3e5fa9dc2');
INSERT INTO public.directed_edge (id, description, type, pattern_language_id, source_id, target_id) VALUES ('d5b3460c-6855-4d92-a318-ab8038099197', 'null', 'isRelatedTo', 'f6b807aa-5905-4435-aec6-324355a0483f', '9bafcace-20a3-4726-963b-06d09437c677', '1a1b9319-e303-431d-91c3-f4a3b6189982');
INSERT INTO public.directed_edge (id, description, type, pattern_language_id, source_id, target_id) VALUES ('77c0eaf9-b4e8-42d3-80f8-bcf0c0d3f306', 'null', 'isRelatedTo', 'f6b807aa-5905-4435-aec6-324355a0483f', '9bafcace-20a3-4726-963b-06d09437c677', '28343b10-ce82-4c1f-aef2-f7d95316b48e');
INSERT INTO public.directed_edge (id, description, type, pattern_language_id, source_id, target_id) VALUES ('e759dbcc-64df-4ad2-b054-e86479e09684', 'null', 'isRelatedTo', 'f6b807aa-5905-4435-aec6-324355a0483f', '9bafcace-20a3-4726-963b-06d09437c677', 'a2b0eaca-aa24-4036-b730-265a97043b75');
INSERT INTO public.directed_edge (id, description, type, pattern_language_id, source_id, target_id) VALUES ('031dae7c-bf02-4bdf-b5e4-00397ef33bc4', 'null', 'isRelatedTo', 'f6b807aa-5905-4435-aec6-324355a0483f', '29f4224d-6b91-4218-aed6-0db3e5fa9dc2', '98ccd4dc-86a8-4652-b2c1-5b83b6f078e1');
INSERT INTO public.directed_edge (id, description, type, pattern_language_id, source_id, target_id) VALUES ('ad02e0b7-94f1-4541-a942-f6692f12bb08', 'null', 'isRelatedTo', 'f6b807aa-5905-4435-aec6-324355a0483f', '29f4224d-6b91-4218-aed6-0db3e5fa9dc2', 'b5c458ea-3a4e-4211-afc9-82510c2cff46');
INSERT INTO public.directed_edge (id, description, type, pattern_language_id, source_id, target_id) VALUES ('b1054500-0d1b-4424-9a25-8a48d7232389', 'null', 'isRelatedTo', 'f6b807aa-5905-4435-aec6-324355a0483f', '29f4224d-6b91-4218-aed6-0db3e5fa9dc2', '26bc2583-1c9f-4d6e-9968-e5aa0e8ab82f');
INSERT INTO public.directed_edge (id, description, type, pattern_language_id, source_id, target_id) VALUES ('f2156a12-2892-4c13-b41e-6de422b88eb1', 'null', 'isRelatedTo', 'f6b807aa-5905-4435-aec6-324355a0483f', '29f4224d-6b91-4218-aed6-0db3e5fa9dc2', 'b3418862-26a6-4bbb-b546-c12f48c45b16');
INSERT INTO public.directed_edge (id, description, type, pattern_language_id, source_id, target_id) VALUES ('bc8eabaf-3e4f-4185-8366-49671dd0ac8c', 'null', 'isRelatedTo', 'f6b807aa-5905-4435-aec6-324355a0483f', '29f4224d-6b91-4218-aed6-0db3e5fa9dc2', '9fee292c-8c59-4a99-a3c2-467717a22c70');
INSERT INTO public.directed_edge (id, description, type, pattern_language_id, source_id, target_id) VALUES ('5c192ee8-8c0e-4534-a232-72180c68ba80', 'null', 'isRelatedTo', 'f6b807aa-5905-4435-aec6-324355a0483f', '29f4224d-6b91-4218-aed6-0db3e5fa9dc2', '3953e924-30f6-4561-8e02-e761b417c1d4');
INSERT INTO public.directed_edge (id, description, type, pattern_language_id, source_id, target_id) VALUES ('06d79bf4-21a2-4b95-9f08-ee51344bd5ff', 'null', 'isRelatedTo', 'f6b807aa-5905-4435-aec6-324355a0483f', '29f4224d-6b91-4218-aed6-0db3e5fa9dc2', '9bafcace-20a3-4726-963b-06d09437c677');
INSERT INTO public.directed_edge (id, description, type, pattern_language_id, source_id, target_id) VALUES ('feb722a0-9943-40a1-8e1a-7025c069088c', 'null', 'isRelatedTo', 'f6b807aa-5905-4435-aec6-324355a0483f', '29f4224d-6b91-4218-aed6-0db3e5fa9dc2', '29f4224d-6b91-4218-aed6-0db3e5fa9dc2');
INSERT INTO public.directed_edge (id, description, type, pattern_language_id, source_id, target_id) VALUES ('0a143b73-8e5f-41fc-b4ac-5128fd6714e4', 'null', 'isRelatedTo', 'f6b807aa-5905-4435-aec6-324355a0483f', '29f4224d-6b91-4218-aed6-0db3e5fa9dc2', 'adcaac7d-a028-4d33-9111-ef3e711637e7');
INSERT INTO public.directed_edge (id, description, type, pattern_language_id, source_id, target_id) VALUES ('3a8972a1-f838-4c0f-ae30-c0814d59a893', 'null', 'isRelatedTo', 'f6b807aa-5905-4435-aec6-324355a0483f', '29f4224d-6b91-4218-aed6-0db3e5fa9dc2', '89dd6672-dd42-470b-8e84-129e4ec7540c');
INSERT INTO public.directed_edge (id, description, type, pattern_language_id, source_id, target_id) VALUES ('e7c08909-f9d8-4329-b296-6a6773f6f424', 'null', 'isRelatedTo', 'f6b807aa-5905-4435-aec6-324355a0483f', '29f4224d-6b91-4218-aed6-0db3e5fa9dc2', '1a1b9319-e303-431d-91c3-f4a3b6189982');
INSERT INTO public.directed_edge (id, description, type, pattern_language_id, source_id, target_id) VALUES ('909a8277-7d07-45a0-abe7-530ff30e5b9a', 'null', 'isRelatedTo', 'f6b807aa-5905-4435-aec6-324355a0483f', '3953e924-30f6-4561-8e02-e761b417c1d4', 'b5c458ea-3a4e-4211-afc9-82510c2cff46');
INSERT INTO public.directed_edge (id, description, type, pattern_language_id, source_id, target_id) VALUES ('20f5b523-6a2c-4c9c-8386-ecf29541ce4e', 'null', 'isRelatedTo', 'f6b807aa-5905-4435-aec6-324355a0483f', '3953e924-30f6-4561-8e02-e761b417c1d4', '9fee292c-8c59-4a99-a3c2-467717a22c70');
INSERT INTO public.directed_edge (id, description, type, pattern_language_id, source_id, target_id) VALUES ('a42b0d4f-409f-4203-b709-eb567a04d9a0', 'null', 'isRelatedTo', 'f6b807aa-5905-4435-aec6-324355a0483f', '3953e924-30f6-4561-8e02-e761b417c1d4', '7c775873-1ebf-4574-8cb1-29b0c661b8f3');
INSERT INTO public.directed_edge (id, description, type, pattern_language_id, source_id, target_id) VALUES ('7c245f60-ffa3-4bcf-a00b-8cc01cba8e5a', 'null', 'isRelatedTo', 'f6b807aa-5905-4435-aec6-324355a0483f', '3953e924-30f6-4561-8e02-e761b417c1d4', '0ee54310-5f4d-4435-9c34-cf93f742e101');
INSERT INTO public.directed_edge (id, description, type, pattern_language_id, source_id, target_id) VALUES ('f4cdd365-f06c-448b-a834-4f4f40578b08', 'null', 'isRelatedTo', 'f6b807aa-5905-4435-aec6-324355a0483f', '3953e924-30f6-4561-8e02-e761b417c1d4', '9167d0da-69ec-40a5-b7f8-5eab25833d70');
INSERT INTO public.directed_edge (id, description, type, pattern_language_id, source_id, target_id) VALUES ('4ceb7f5e-d48a-42de-8bd8-f68e9150ba13', 'null', 'isRelatedTo', 'f6b807aa-5905-4435-aec6-324355a0483f', '3953e924-30f6-4561-8e02-e761b417c1d4', '02fc1261-b7d6-4d85-89ef-c987ab92f3d4');
INSERT INTO public.directed_edge (id, description, type, pattern_language_id, source_id, target_id) VALUES ('b2af6184-3d1c-4e10-b5bf-76cedd797ce0', 'null', 'isRelatedTo', 'f6b807aa-5905-4435-aec6-324355a0483f', '29f4224d-6b91-4218-aed6-0db3e5fa9dc2', '60e3ca01-0b7a-4785-acd7-3dddad0eea8e');
INSERT INTO public.directed_edge (id, description, type, pattern_language_id, source_id, target_id) VALUES ('b813ea54-df99-4af4-9bb9-b59499772704', 'null', 'isRelatedTo', 'f6b807aa-5905-4435-aec6-324355a0483f', '29f4224d-6b91-4218-aed6-0db3e5fa9dc2', '6c3f4121-65c2-444e-9d5a-f16f47fd2ed5');
INSERT INTO public.directed_edge (id, description, type, pattern_language_id, source_id, target_id) VALUES ('4f3af752-43b9-4978-b849-a96df5d3a910', 'null', 'isRelatedTo', 'f6b807aa-5905-4435-aec6-324355a0483f', '3953e924-30f6-4561-8e02-e761b417c1d4', 'd9bd086d-030c-4ca4-b6d2-29c2fbf517c8');
INSERT INTO public.directed_edge (id, description, type, pattern_language_id, source_id, target_id) VALUES ('075a2137-73eb-4ff8-a76b-b800f1f8c616', 'null', 'isRelatedTo', 'f6b807aa-5905-4435-aec6-324355a0483f', '3953e924-30f6-4561-8e02-e761b417c1d4', 'ca07715c-696e-4a62-af10-74145ff818f5');
INSERT INTO public.directed_edge (id, description, type, pattern_language_id, source_id, target_id) VALUES ('08802442-ef21-4eb5-b640-f0683da56d9d', 'null', 'isRelatedTo', 'f6b807aa-5905-4435-aec6-324355a0483f', '3953e924-30f6-4561-8e02-e761b417c1d4', '87ae00d9-3fc7-4b9b-ac8b-48b79cbf8f65');
INSERT INTO public.directed_edge (id, description, type, pattern_language_id, source_id, target_id) VALUES ('3e046ee3-d639-4798-b1cb-eaf12532b60e', 'null', 'isRelatedTo', 'f6b807aa-5905-4435-aec6-324355a0483f', '3953e924-30f6-4561-8e02-e761b417c1d4', '06c5d5cc-5c29-4a74-be75-dfba20cc4f80');
INSERT INTO public.directed_edge (id, description, type, pattern_language_id, source_id, target_id) VALUES ('9762f56d-d120-4254-b117-bdf8af9f4382', 'null', 'isRelatedTo', 'f6b807aa-5905-4435-aec6-324355a0483f', '3953e924-30f6-4561-8e02-e761b417c1d4', 'c56361d3-4230-4653-942b-fc8ac7488bf9');
INSERT INTO public.directed_edge (id, description, type, pattern_language_id, source_id, target_id) VALUES ('ded3a386-c69c-4ae9-b6a7-ac8dca70a1d7', 'null', 'isRelatedTo', 'f6b807aa-5905-4435-aec6-324355a0483f', '3953e924-30f6-4561-8e02-e761b417c1d4', '29acda13-a41f-4270-9248-375814889f20');
INSERT INTO public.directed_edge (id, description, type, pattern_language_id, source_id, target_id) VALUES ('55db5b81-9b8a-4bdc-94ae-ff49c5fa02ea', 'null', 'isRelatedTo', 'f6b807aa-5905-4435-aec6-324355a0483f', '3953e924-30f6-4561-8e02-e761b417c1d4', '78b58f38-9075-44a1-8eb4-5ab0ba4b801d');
INSERT INTO public.directed_edge (id, description, type, pattern_language_id, source_id, target_id) VALUES ('c690ac44-4a9a-42ce-9976-e189b5966260', 'null', 'isRelatedTo', 'f6b807aa-5905-4435-aec6-324355a0483f', '3953e924-30f6-4561-8e02-e761b417c1d4', 'a2b0eaca-aa24-4036-b730-265a97043b75');
INSERT INTO public.directed_edge (id, description, type, pattern_language_id, source_id, target_id) VALUES ('2c6d5252-5b4c-4086-8d9f-a6182c964e73', 'null', 'isRelatedTo', 'f6b807aa-5905-4435-aec6-324355a0483f', '3b3a9b48-63aa-4523-be3a-6a39fdf4bda7', '19c5ed05-1a24-4971-9aac-390e1931f010');
INSERT INTO public.directed_edge (id, description, type, pattern_language_id, source_id, target_id) VALUES ('485abde8-0d9c-4d52-ae6d-d1ce0499935c', 'null', 'isRelatedTo', 'f6b807aa-5905-4435-aec6-324355a0483f', '3b3a9b48-63aa-4523-be3a-6a39fdf4bda7', 'd9bd086d-030c-4ca4-b6d2-29c2fbf517c8');
INSERT INTO public.directed_edge (id, description, type, pattern_language_id, source_id, target_id) VALUES ('944cb2b1-f6ac-4d85-83f0-b873689b9e8c', 'null', 'isRelatedTo', 'f6b807aa-5905-4435-aec6-324355a0483f', '3b3a9b48-63aa-4523-be3a-6a39fdf4bda7', 'b14e9775-09ad-4019-b5db-dd9670221679');
INSERT INTO public.directed_edge (id, description, type, pattern_language_id, source_id, target_id) VALUES ('e4ca8a1e-1b58-430e-a9b7-b30b13b68c48', 'null', 'isRelatedTo', 'f6b807aa-5905-4435-aec6-324355a0483f', '3b3a9b48-63aa-4523-be3a-6a39fdf4bda7', 'c56361d3-4230-4653-942b-fc8ac7488bf9');
INSERT INTO public.directed_edge (id, description, type, pattern_language_id, source_id, target_id) VALUES ('468c7d7a-7a93-44f1-9837-00f8af6b8b80', 'null', 'isRelatedTo', 'f6b807aa-5905-4435-aec6-324355a0483f', '3b3a9b48-63aa-4523-be3a-6a39fdf4bda7', '9fee292c-8c59-4a99-a3c2-467717a22c70');
INSERT INTO public.directed_edge (id, description, type, pattern_language_id, source_id, target_id) VALUES ('0f424906-a25c-4854-91dc-19c3a8f67c3d', 'null', 'isRelatedTo', 'f6b807aa-5905-4435-aec6-324355a0483f', '3b3a9b48-63aa-4523-be3a-6a39fdf4bda7', 'a7e45f3a-e408-4593-9aba-0a724c5ebf26');
INSERT INTO public.directed_edge (id, description, type, pattern_language_id, source_id, target_id) VALUES ('95356799-0b0c-4c70-b874-259560649466', 'null', 'isRelatedTo', 'f6b807aa-5905-4435-aec6-324355a0483f', '3b3a9b48-63aa-4523-be3a-6a39fdf4bda7', '28343b10-ce82-4c1f-aef2-f7d95316b48e');
INSERT INTO public.directed_edge (id, description, type, pattern_language_id, source_id, target_id) VALUES ('b0d6f39e-1547-479f-b0f3-a74cb32358b0', 'null', 'isRelatedTo', 'f6b807aa-5905-4435-aec6-324355a0483f', '3b3a9b48-63aa-4523-be3a-6a39fdf4bda7', 'ef45bb4d-7f1a-4840-9783-aa22ed40032a');
INSERT INTO public.directed_edge (id, description, type, pattern_language_id, source_id, target_id) VALUES ('67beca79-2f67-4383-a080-19dff22e3ead', 'null', 'isRelatedTo', 'f6b807aa-5905-4435-aec6-324355a0483f', '28343b10-ce82-4c1f-aef2-f7d95316b48e', 'd9bd086d-030c-4ca4-b6d2-29c2fbf517c8');
INSERT INTO public.directed_edge (id, description, type, pattern_language_id, source_id, target_id) VALUES ('024398cc-2d0b-41ab-bea3-efef33369851', 'null', 'isRelatedTo', 'f6b807aa-5905-4435-aec6-324355a0483f', '28343b10-ce82-4c1f-aef2-f7d95316b48e', 'ca07715c-696e-4a62-af10-74145ff818f5');
INSERT INTO public.directed_edge (id, description, type, pattern_language_id, source_id, target_id) VALUES ('45488177-e578-4380-b530-9afb3cb61909', 'null', 'isRelatedTo', 'f6b807aa-5905-4435-aec6-324355a0483f', '28343b10-ce82-4c1f-aef2-f7d95316b48e', 'f3afc386-7c81-41d1-9b94-a06a49deb965');
INSERT INTO public.directed_edge (id, description, type, pattern_language_id, source_id, target_id) VALUES ('67f442dd-b1e9-40b1-a247-d7f2052e71ff', 'null', 'isRelatedTo', 'f6b807aa-5905-4435-aec6-324355a0483f', '28343b10-ce82-4c1f-aef2-f7d95316b48e', 'c56361d3-4230-4653-942b-fc8ac7488bf9');
INSERT INTO public.directed_edge (id, description, type, pattern_language_id, source_id, target_id) VALUES ('eee01ae4-a4a0-49ee-a85c-c6935bc6a1db', 'null', 'isRelatedTo', 'f6b807aa-5905-4435-aec6-324355a0483f', '28343b10-ce82-4c1f-aef2-f7d95316b48e', '9fee292c-8c59-4a99-a3c2-467717a22c70');
INSERT INTO public.directed_edge (id, description, type, pattern_language_id, source_id, target_id) VALUES ('76e8bafa-ef9b-460b-aef9-f504e5161557', 'null', 'isRelatedTo', 'f6b807aa-5905-4435-aec6-324355a0483f', '28343b10-ce82-4c1f-aef2-f7d95316b48e', '26c8f1cb-a592-415e-846e-22f2ee761c8f');
INSERT INTO public.directed_edge (id, description, type, pattern_language_id, source_id, target_id) VALUES ('dcdfbb91-4103-4919-aa84-b5c1f429afd4', 'null', 'isRelatedTo', 'f6b807aa-5905-4435-aec6-324355a0483f', '28343b10-ce82-4c1f-aef2-f7d95316b48e', 'a7e45f3a-e408-4593-9aba-0a724c5ebf26');
INSERT INTO public.directed_edge (id, description, type, pattern_language_id, source_id, target_id) VALUES ('3359857b-da33-4c83-964c-3005686fa5ce', 'null', 'isRelatedTo', 'f6b807aa-5905-4435-aec6-324355a0483f', '28343b10-ce82-4c1f-aef2-f7d95316b48e', '3b3a9b48-63aa-4523-be3a-6a39fdf4bda7');
INSERT INTO public.directed_edge (id, description, type, pattern_language_id, source_id, target_id) VALUES ('af03242d-3dfc-4dcf-86fa-375ec79adf20', 'null', 'isRelatedTo', 'f6b807aa-5905-4435-aec6-324355a0483f', '28343b10-ce82-4c1f-aef2-f7d95316b48e', 'ef45bb4d-7f1a-4840-9783-aa22ed40032a');
INSERT INTO public.directed_edge (id, description, type, pattern_language_id, source_id, target_id) VALUES ('0074dbed-836c-476d-bf49-c24a04575af5', 'null', 'isRelatedTo', 'f6b807aa-5905-4435-aec6-324355a0483f', 'cf3a2b5f-9d7a-4f2c-ba39-ab2911d3a7d7', '98ccd4dc-86a8-4652-b2c1-5b83b6f078e1');
INSERT INTO public.directed_edge (id, description, type, pattern_language_id, source_id, target_id) VALUES ('ee43e604-a142-486d-ae10-db3599e02a9c', 'null', 'isRelatedTo', 'f6b807aa-5905-4435-aec6-324355a0483f', 'cf3a2b5f-9d7a-4f2c-ba39-ab2911d3a7d7', '19c5ed05-1a24-4971-9aac-390e1931f010');
INSERT INTO public.directed_edge (id, description, type, pattern_language_id, source_id, target_id) VALUES ('dccd618a-ac9f-4f2e-8050-a0115dce8169', 'null', 'isRelatedTo', 'f6b807aa-5905-4435-aec6-324355a0483f', 'cf3a2b5f-9d7a-4f2c-ba39-ab2911d3a7d7', '01d63259-109f-4136-878d-77e503ac8a11');
INSERT INTO public.directed_edge (id, description, type, pattern_language_id, source_id, target_id) VALUES ('f2e86c91-9d6d-47c9-9ca8-a47130d261d5', 'null', 'isRelatedTo', 'f6b807aa-5905-4435-aec6-324355a0483f', 'cf3a2b5f-9d7a-4f2c-ba39-ab2911d3a7d7', '9fee292c-8c59-4a99-a3c2-467717a22c70');
INSERT INTO public.directed_edge (id, description, type, pattern_language_id, source_id, target_id) VALUES ('d4649492-84b0-4625-a872-bfcc7f3e5f7e', 'null', 'isRelatedTo', 'f6b807aa-5905-4435-aec6-324355a0483f', 'cf3a2b5f-9d7a-4f2c-ba39-ab2911d3a7d7', '7c775873-1ebf-4574-8cb1-29b0c661b8f3');
INSERT INTO public.directed_edge (id, description, type, pattern_language_id, source_id, target_id) VALUES ('5ba41ca0-704d-4779-9d95-b991148723ad', 'null', 'isRelatedTo', 'f6b807aa-5905-4435-aec6-324355a0483f', 'cf3a2b5f-9d7a-4f2c-ba39-ab2911d3a7d7', '0ee54310-5f4d-4435-9c34-cf93f742e101');
INSERT INTO public.directed_edge (id, description, type, pattern_language_id, source_id, target_id) VALUES ('760b5fe8-a464-43f3-9cac-c15398ca722f', 'null', 'isRelatedTo', 'f6b807aa-5905-4435-aec6-324355a0483f', 'cf3a2b5f-9d7a-4f2c-ba39-ab2911d3a7d7', 'a7e45f3a-e408-4593-9aba-0a724c5ebf26');
INSERT INTO public.directed_edge (id, description, type, pattern_language_id, source_id, target_id) VALUES ('5a7a0dac-0a4d-4389-bdb1-ac6bbe998426', 'null', 'isRelatedTo', 'f6b807aa-5905-4435-aec6-324355a0483f', '3e74edee-f076-45b3-8247-a5dd19cb24b2', '19c5ed05-1a24-4971-9aac-390e1931f010');
INSERT INTO public.directed_edge (id, description, type, pattern_language_id, source_id, target_id) VALUES ('3ec33b7a-03ba-4a96-99a5-57a58991db75', 'null', 'isRelatedTo', 'f6b807aa-5905-4435-aec6-324355a0483f', '3e74edee-f076-45b3-8247-a5dd19cb24b2', '330ba4a6-411d-4d44-913a-2805a9f21cf7');
INSERT INTO public.directed_edge (id, description, type, pattern_language_id, source_id, target_id) VALUES ('68dc8139-97f2-4f25-b501-801104d92c0f', 'null', 'isRelatedTo', 'f6b807aa-5905-4435-aec6-324355a0483f', '3e74edee-f076-45b3-8247-a5dd19cb24b2', 'cf3a2b5f-9d7a-4f2c-ba39-ab2911d3a7d7');
INSERT INTO public.directed_edge (id, description, type, pattern_language_id, source_id, target_id) VALUES ('9639a0d5-6670-4dad-896b-7488cdba76fc', 'null', 'isRelatedTo', 'f6b807aa-5905-4435-aec6-324355a0483f', '3e74edee-f076-45b3-8247-a5dd19cb24b2', '78185c7d-f353-49ee-b1e2-c2a0bcfc4ed2');
INSERT INTO public.directed_edge (id, description, type, pattern_language_id, source_id, target_id) VALUES ('69a303d0-e373-4449-ba73-f7c5968c72d8', 'null', 'isRelatedTo', 'f6b807aa-5905-4435-aec6-324355a0483f', '3e74edee-f076-45b3-8247-a5dd19cb24b2', 'c56361d3-4230-4653-942b-fc8ac7488bf9');
INSERT INTO public.directed_edge (id, description, type, pattern_language_id, source_id, target_id) VALUES ('22934057-246b-49e1-aa98-7fe87204a95b', 'null', 'isRelatedTo', 'f6b807aa-5905-4435-aec6-324355a0483f', '3e74edee-f076-45b3-8247-a5dd19cb24b2', '9fee292c-8c59-4a99-a3c2-467717a22c70');
INSERT INTO public.directed_edge (id, description, type, pattern_language_id, source_id, target_id) VALUES ('c7f36611-22ac-4d15-bcb6-67dbf34799db', 'null', 'isRelatedTo', 'f6b807aa-5905-4435-aec6-324355a0483f', '3e74edee-f076-45b3-8247-a5dd19cb24b2', 'acb053d6-b8be-4bce-b62d-3a8aa10b9a0d');
INSERT INTO public.directed_edge (id, description, type, pattern_language_id, source_id, target_id) VALUES ('7af7d3d8-b3dc-4228-86d3-3d7f4b3ebb7a', 'null', 'isRelatedTo', 'f6b807aa-5905-4435-aec6-324355a0483f', '3e74edee-f076-45b3-8247-a5dd19cb24b2', 'a7e45f3a-e408-4593-9aba-0a724c5ebf26');
INSERT INTO public.directed_edge (id, description, type, pattern_language_id, source_id, target_id) VALUES ('5eaf77e8-4f15-44bf-9e36-147443aed258', 'null', 'isRelatedTo', 'f6b807aa-5905-4435-aec6-324355a0483f', '3e74edee-f076-45b3-8247-a5dd19cb24b2', '9167d0da-69ec-40a5-b7f8-5eab25833d70');
INSERT INTO public.directed_edge (id, description, type, pattern_language_id, source_id, target_id) VALUES ('5ed7a426-8406-4d86-a1a3-4cf70c59a5d3', 'null', 'isRelatedTo', 'f6b807aa-5905-4435-aec6-324355a0483f', '3e74edee-f076-45b3-8247-a5dd19cb24b2', '02fc1261-b7d6-4d85-89ef-c987ab92f3d4');
INSERT INTO public.directed_edge (id, description, type, pattern_language_id, source_id, target_id) VALUES ('4ddb8cbf-b101-4f8f-81e5-66b53786e126', 'null', 'isRelatedTo', 'f6b807aa-5905-4435-aec6-324355a0483f', '3e74edee-f076-45b3-8247-a5dd19cb24b2', 'ea7c0692-6545-40e3-8cf8-f4c828c5fce8');
INSERT INTO public.directed_edge (id, description, type, pattern_language_id, source_id, target_id) VALUES ('8abd94ed-0921-47ca-9fc5-f03573644e7e', 'null', 'isRelatedTo', 'f6b807aa-5905-4435-aec6-324355a0483f', '78185c7d-f353-49ee-b1e2-c2a0bcfc4ed2', '3e74edee-f076-45b3-8247-a5dd19cb24b2');
INSERT INTO public.directed_edge (id, description, type, pattern_language_id, source_id, target_id) VALUES ('66e432a1-ef36-4bd3-a195-712c54055c47', 'null', 'isRelatedTo', 'f6b807aa-5905-4435-aec6-324355a0483f', '78185c7d-f353-49ee-b1e2-c2a0bcfc4ed2', 'c34d4c11-da4f-445d-8682-1c92dcfbb6be');
INSERT INTO public.directed_edge (id, description, type, pattern_language_id, source_id, target_id) VALUES ('120e156c-a355-4b8d-8655-d38b92437764', 'null', 'isRelatedTo', 'f6b807aa-5905-4435-aec6-324355a0483f', '78185c7d-f353-49ee-b1e2-c2a0bcfc4ed2', '0ee54310-5f4d-4435-9c34-cf93f742e101');
INSERT INTO public.directed_edge (id, description, type, pattern_language_id, source_id, target_id) VALUES ('a891b852-9f13-4ac1-8d95-01b6b43e5350', 'null', 'isRelatedTo', 'f6b807aa-5905-4435-aec6-324355a0483f', '78185c7d-f353-49ee-b1e2-c2a0bcfc4ed2', 'a7e45f3a-e408-4593-9aba-0a724c5ebf26');
INSERT INTO public.directed_edge (id, description, type, pattern_language_id, source_id, target_id) VALUES ('567cc248-6cc2-4dca-afc2-da44c9e6520f', 'null', 'isRelatedTo', 'f6b807aa-5905-4435-aec6-324355a0483f', '96ec8c86-c024-4d03-a283-49375e43e086', 'ca07715c-696e-4a62-af10-74145ff818f5');
INSERT INTO public.directed_edge (id, description, type, pattern_language_id, source_id, target_id) VALUES ('7d35085e-e9d5-4551-b5bb-39d85ff867d0', 'null', 'isRelatedTo', 'f6b807aa-5905-4435-aec6-324355a0483f', '96ec8c86-c024-4d03-a283-49375e43e086', 'f3afc386-7c81-41d1-9b94-a06a49deb965');
INSERT INTO public.directed_edge (id, description, type, pattern_language_id, source_id, target_id) VALUES ('c8cbebc0-5251-4a19-9bbd-90242d3456d5', 'null', 'isRelatedTo', 'f6b807aa-5905-4435-aec6-324355a0483f', '96ec8c86-c024-4d03-a283-49375e43e086', 'c34d4c11-da4f-445d-8682-1c92dcfbb6be');
INSERT INTO public.directed_edge (id, description, type, pattern_language_id, source_id, target_id) VALUES ('5282fbe9-dcd3-4817-b644-8419e0a36579', 'null', 'isRelatedTo', 'f6b807aa-5905-4435-aec6-324355a0483f', '96ec8c86-c024-4d03-a283-49375e43e086', 'a7e45f3a-e408-4593-9aba-0a724c5ebf26');
INSERT INTO public.directed_edge (id, description, type, pattern_language_id, source_id, target_id) VALUES ('8d36e9ce-0fca-4265-b575-a2990d7a8c65', 'null', 'isRelatedTo', 'f6b807aa-5905-4435-aec6-324355a0483f', '96ec8c86-c024-4d03-a283-49375e43e086', '3b3a9b48-63aa-4523-be3a-6a39fdf4bda7');
INSERT INTO public.directed_edge (id, description, type, pattern_language_id, source_id, target_id) VALUES ('ef28111d-54b6-4db7-95a6-b18c5c6e6b34', 'null', 'isRelatedTo', 'f6b807aa-5905-4435-aec6-324355a0483f', '96ec8c86-c024-4d03-a283-49375e43e086', '28343b10-ce82-4c1f-aef2-f7d95316b48e');
INSERT INTO public.directed_edge (id, description, type, pattern_language_id, source_id, target_id) VALUES ('6369cab9-e042-44e5-80ad-e47f864010bc', 'null', 'isRelatedTo', 'f6b807aa-5905-4435-aec6-324355a0483f', '96ec8c86-c024-4d03-a283-49375e43e086', 'a2b0eaca-aa24-4036-b730-265a97043b75');
INSERT INTO public.directed_edge (id, description, type, pattern_language_id, source_id, target_id) VALUES ('6e469e63-e595-4088-be37-34a2d09324cf', 'null', 'isRelatedTo', 'f6b807aa-5905-4435-aec6-324355a0483f', 'b5c458ea-3a4e-4211-afc9-82510c2cff46', '98ccd4dc-86a8-4652-b2c1-5b83b6f078e1');
INSERT INTO public.directed_edge (id, description, type, pattern_language_id, source_id, target_id) VALUES ('1f6b0aa7-5266-40fd-8ba6-da940a1a05a4', 'null', 'isRelatedTo', 'f6b807aa-5905-4435-aec6-324355a0483f', 'b5c458ea-3a4e-4211-afc9-82510c2cff46', '9fee292c-8c59-4a99-a3c2-467717a22c70');
INSERT INTO public.directed_edge (id, description, type, pattern_language_id, source_id, target_id) VALUES ('29342815-7d4f-4550-a051-821957b80ce4', 'null', 'isRelatedTo', 'f6b807aa-5905-4435-aec6-324355a0483f', 'b5c458ea-3a4e-4211-afc9-82510c2cff46', '29f4224d-6b91-4218-aed6-0db3e5fa9dc2');
INSERT INTO public.directed_edge (id, description, type, pattern_language_id, source_id, target_id) VALUES ('7b4036d2-84ad-42ef-9ec8-ed6ba563c39f', 'null', 'isRelatedTo', 'f6b807aa-5905-4435-aec6-324355a0483f', 'b5c458ea-3a4e-4211-afc9-82510c2cff46', 'a7e45f3a-e408-4593-9aba-0a724c5ebf26');
INSERT INTO public.directed_edge (id, description, type, pattern_language_id, source_id, target_id) VALUES ('912ea9c5-db2a-49cb-a861-cf4cd7a1d61c', 'null', 'isRelatedTo', 'f6b807aa-5905-4435-aec6-324355a0483f', 'b5c458ea-3a4e-4211-afc9-82510c2cff46', 'adcaac7d-a028-4d33-9111-ef3e711637e7');
INSERT INTO public.directed_edge (id, description, type, pattern_language_id, source_id, target_id) VALUES ('818f313d-e913-41b3-a983-aa3b5fcf8102', 'null', 'isRelatedTo', 'f6b807aa-5905-4435-aec6-324355a0483f', 'b5c458ea-3a4e-4211-afc9-82510c2cff46', 'a2b0eaca-aa24-4036-b730-265a97043b75');
INSERT INTO public.directed_edge (id, description, type, pattern_language_id, source_id, target_id) VALUES ('09ae16e4-c810-4634-a61c-d343836cecbb', 'null', 'isRelatedTo', 'f6b807aa-5905-4435-aec6-324355a0483f', 'adcaac7d-a028-4d33-9111-ef3e711637e7', 'b5c458ea-3a4e-4211-afc9-82510c2cff46');
INSERT INTO public.directed_edge (id, description, type, pattern_language_id, source_id, target_id) VALUES ('3a5b7ba2-2956-4768-9f2e-69fd28548cd7', 'null', 'isRelatedTo', 'f6b807aa-5905-4435-aec6-324355a0483f', 'adcaac7d-a028-4d33-9111-ef3e711637e7', '9fee292c-8c59-4a99-a3c2-467717a22c70');
INSERT INTO public.directed_edge (id, description, type, pattern_language_id, source_id, target_id) VALUES ('c272cfb5-d1dd-4d8c-8aff-f420650f4a60', 'null', 'isRelatedTo', 'f6b807aa-5905-4435-aec6-324355a0483f', 'adcaac7d-a028-4d33-9111-ef3e711637e7', '3953e924-30f6-4561-8e02-e761b417c1d4');
INSERT INTO public.directed_edge (id, description, type, pattern_language_id, source_id, target_id) VALUES ('64c04a48-51b1-4d15-8b40-e72c2c66458b', 'null', 'isRelatedTo', 'f6b807aa-5905-4435-aec6-324355a0483f', 'adcaac7d-a028-4d33-9111-ef3e711637e7', 'a7e45f3a-e408-4593-9aba-0a724c5ebf26');
INSERT INTO public.directed_edge (id, description, type, pattern_language_id, source_id, target_id) VALUES ('a687544c-f44f-4174-9550-d0d179728e69', 'null', 'isRelatedTo', 'f6b807aa-5905-4435-aec6-324355a0483f', 'ccb661e2-6c0d-4020-9eb2-abd290230b5b', '98ccd4dc-86a8-4652-b2c1-5b83b6f078e1');
INSERT INTO public.directed_edge (id, description, type, pattern_language_id, source_id, target_id) VALUES ('d0578489-5fd7-46b8-bee4-b8cc0f53690f', 'null', 'isRelatedTo', 'f6b807aa-5905-4435-aec6-324355a0483f', 'ccb661e2-6c0d-4020-9eb2-abd290230b5b', 'b5c458ea-3a4e-4211-afc9-82510c2cff46');
INSERT INTO public.directed_edge (id, description, type, pattern_language_id, source_id, target_id) VALUES ('b0bba87c-261c-4122-9d29-34bb1fe7cac8', 'null', 'isRelatedTo', 'f6b807aa-5905-4435-aec6-324355a0483f', 'ccb661e2-6c0d-4020-9eb2-abd290230b5b', '19c5ed05-1a24-4971-9aac-390e1931f010');
